"Country";"Edition";"Region";"E";"F";"G"
"Abkhazia";2022;"Eurasia";6;4;5
"Afghanistan";2022;"Asia";3;0;2
"Albania";2022;"Europe";8;9;9
"Algeria";2022;"Africa";3;6;7
"Andorra";2022;"Europe";11;15;15
"Angola";2022;"Africa";5;5;3
"Antigua and Barbuda";2022;"Americas";10;14;13
"Argentina";2022;"Americas";11;10;13
"Armenia";2022;"Eurasia";8;6;9
"Australia";2022;"Asia";12;15;14
"Austria";2022;"Europe";12;15;15
"Azerbaijan";2022;"Eurasia";1;0;4
"Bahamas";2022;"Americas";12;13;13
"Bahrain";2022;"Middle East";1;1;6
"Bangladesh";2022;"Asia";5;4;9
"Barbados";2022;"Americas";12;14;15
"Belarus";2022;"Eurasia";0;0;5
"Belgium";2022;"Europe";12;15;15
"Belize";2022;"Americas";11;13;13
"Benin";2022;"Africa";8;10;10
"Bhutan";2022;"Asia";5;9;9
"Bolivia";2022;"Americas";9;6;10
"Bosnia and Herzegovina";2022;"Europe";7;7;10
"Botswana";2022;"Africa";10;11;11
"Brazil";2022;"Americas";9;8;12
"Brunei";2022;"Asia";3;5;7
"Bulgaria";2022;"Europe";11;10;12
"Burkina Faso";2022;"Africa";7;5;7
"Burundi";2022;"Africa";1;1;4
"Cabo Verde";2022;"Africa";11;14;13
"Cambodia";2022;"Asia";3;3;6
"Cameroon";2022;"Africa";2;0;3
"Canada";2022;"Americas";12;15;16
"Central African Republic";2022;"Africa";1;0;0
"Chad";2022;"Africa";4;1;3
"Chile";2022;"Americas";12;13;15
"China";2022;"Asia";2;2;6
"Colombia";2022;"Americas";5;9;9
"Comoros";2022;"Africa";6;6;6
"Congo (Brazzaville)";2022;"Africa";2;1;6
"Congo (Kinshasa)";2022;"Africa";3;1;4
"Costa Rica";2022;"Americas";11;13;13
"Cote d'Ivoire";2022;"Africa";7;6;7
"Crimea";2022;"Eurasia";1;0;6
"Croatia";2022;"Europe";12;11;13
"Cuba";2022;"Americas";0;1;6
"Cyprus";2022;"Europe";11;15;14
"Czech Republic";2022;"Europe";12;14;15
"Denmark";2022;"Europe";12;14;15
"Djibouti";2022;"Africa";3;4;6
"Dominica";2022;"Americas";11;15;15
"Dominican Republic";2022;"Americas";10;8;9
"Eastern Donbas";2022;"Eurasia";0;0;3
"Ecuador";2022;"Americas";9;8;10
"Egypt";2022;"Africa";1;2;6
"El Salvador";2022;"Americas";8;6;8
"Equatorial Guinea";2022;"Africa";0;0;3
"Eritrea";2022;"Africa";0;0;1
"Estonia";2022;"Europe";12;14;14
"Eswatini";2022;"Africa";2;4;5
"Ethiopia";2022;"Africa";3;1;3
"Fiji";2022;"Asia";7;7;10
"Finland";2022;"Europe";12;16;16
"France";2022;"Europe";10;13;14
"Gabon";2022;"Africa";3;3;5
"Gaza Strip";2022;"Middle East";2;0;2
"Georgia";2022;"Eurasia";7;8;12
"Germany";2022;"Europe";12;14;15
"Ghana";2022;"Africa";10;10;11
"Greece";2022;"Europe";11;11;14
"Grenada";2022;"Americas";11;13;13
"Guatemala";2022;"Americas";6;5;8
"Guinea";2022;"Africa";4;4;6
"Guinea-Bissau";2022;"Africa";6;5;5
"Guyana";2022;"Americas";11;8;9
"Haiti";2022;"Americas";4;4;5
"Honduras";2022;"Americas";5;4;8
"Hong Kong";2022;"Asia";3;9;13
"Hungary";2022;"Europe";10;10;13
"Iceland";2022;"Europe";12;15;15
"India";2022;"Asia";7;8;9
"Indian Kashmir";2022;"Asia";3;4;7
"Indonesia";2022;"Asia";6;5;9
"Iran";2022;"Middle East";1;3;4
"Iraq";2022;"Middle East";4;1;4
"Ireland";2022;"Europe";12;14;16
"Israel";2022;"Middle East";8;11;11
"Italy";2022;"Europe";12;13;14
"Jamaica";2022;"Americas";11;9;11
"Japan";2022;"Asia";12;15;14
"Jordan";2022;"Middle East";1;7;7
"Kazakhstan";2022;"Eurasia";2;4;8
"Kenya";2022;"Africa";7;5;7
"Kiribati";2022;"Asia";12;15;13
"Kosovo";2022;"Europe";8;6;8
"Kuwait";2022;"Middle East";4;7;6
"Kyrgyzstan";2022;"Eurasia";4;2;7
"Laos";2022;"Asia";0;2;6
"Latvia";2022;"Europe";12;11;14
"Lebanon";2022;"Middle East";8;5;6
"Lesotho";2022;"Africa";7;8;9
"Liberia";2022;"Africa";7;6;9
"Libya";2022;"Africa";2;0;2
"Liechtenstein";2022;"Europe";12;14;15
"Lithuania";2022;"Europe";11;11;14
"Luxembourg";2022;"Europe";12;15;16
"Madagascar";2022;"Africa";8;7;8
"Malawi";2022;"Africa";8;9;7
"Malaysia";2022;"Asia";6;7;9
"Maldives";2022;"Asia";5;6;7
"Mali";2022;"Africa";6;4;4
"Malta";2022;"Europe";12;14;14
"Marshall Islands";2022;"Asia";11;15;13
"Mauritania";2022;"Africa";4;4;4
"Mauritius";2022;"Africa";11;13;12
"Mexico";2022;"Americas";7;5;9
"Micronesia";2022;"Asia";11;15;13
"Moldova";2022;"Eurasia";8;6;9
"Monaco";2022;"Europe";12;14;15
"Mongolia";2022;"Asia";11;11;12
"Montenegro";2022;"Europe";9;9;11
"Morocco";2022;"Africa";5;5;7
"Mozambique";2022;"Africa";6;6;8
"Myanmar";2022;"Asia";2;0;4
"Nagorno-Karabakh";2022;"Eurasia";6;3;4
"Namibia";2022;"Africa";11;11;10
"Nauru";2022;"Asia";9;9;12
"Nepal";2022;"Asia";7;7;8
"Netherlands";2022;"Europe";12;15;15
"New Zealand";2022;"Asia";12;15;16
"Nicaragua";2022;"Americas";2;3;8
"Niger";2022;"Africa";6;6;6
"Nigeria";2022;"Africa";6;4;4
"North Korea";2022;"Asia";0;0;3
"North Macedonia";2022;"Europe";8;9;10
"Northern Cyprus";2022;"Europe";11;13;11
"Norway";2022;"Europe";12;16;16
"Oman";2022;"Middle East";4;4;5
"Pakistan";2022;"Asia";6;4;6
"Pakistani Kashmir";2022;"Asia";4;4;6
"Palau";2022;"Asia";11;15;13
"Panama";2022;"Americas";11;10;12
"Papua New Guinea";2022;"Asia";10;7;8
"Paraguay";2022;"Americas";8;7;10
"Peru";2022;"Americas";8;8;11
"Philippines";2022;"Asia";6;3;10
"Poland";2022;"Europe";10;10;14
"Portugal";2022;"Europe";11;14;15
"Qatar";2022;"Middle East";2;5;4
"Romania";2022;"Europe";11;12;12
"Russia";2022;"Eurasia";2;2;7
"Rwanda";2022;"Africa";2;2;7
"Samoa";2022;"Asia";11;14;12
"San Marino";2022;"Europe";12;13;15
"Sao Tome and Principe";2022;"Africa";11;12;11
"Saudi Arabia";2022;"Middle East";0;2;2
"Senegal";2022;"Africa";7;8;11
"Serbia";2022;"Europe";8;9;12
"Seychelles";2022;"Africa";9;11;11
"Sierra Leone";2022;"Africa";6;9;10
"Singapore";2022;"Asia";3;7;11
"Slovakia";2022;"Europe";12;12;14
"Slovenia";2022;"Europe";10;14;14
"Solomon Islands";2022;"Asia";10;11;12
"Somalia";2022;"Africa";3;0;0
"Somaliland";2022;"Africa";6;7;6
"South Africa";2022;"Africa";12;9;10
"South Korea";2022;"Asia";11;12;13
"South Ossetia";2022;"Eurasia";2;1;3
"South Sudan";2022;"Africa";2;0;0
"Spain";2022;"Europe";11;13;15
"Sri Lanka";2022;"Asia";9;7;8
"St. Kitts and Nevis";2022;"Americas";12;13;13
"St. Lucia";2022;"Americas";12;13;14
"St. Vincent and the Grenadines";2022;"Americas";12;14;14
"Sudan";2022;"Africa";2;0;3
"Suriname";2022;"Americas";11;9;10
"Sweden";2022;"Europe";12;16;16
"Switzerland";2022;"Europe";12;15;15
"Syria";2022;"Middle East";0;0;1
"Taiwan";2022;"Asia";11;15;14
"Tajikistan";2022;"Eurasia";2;1;4
"Tanzania";2022;"Africa";4;4;7
"Thailand";2022;"Asia";3;5;10
"The Gambia";2022;"Africa";6;6;6
"Tibet";2022;"Asia";0;0;3
"Timor-Leste";2022;"Asia";8;8;9
"Togo";2022;"Africa";5;6;7
"Tonga";2022;"Asia";10;12;13
"Transnistria";2022;"Eurasia";1;2;5
"Trinidad and Tobago";2022;"Americas";11;9;13
"Tunisia";2022;"Africa";7;9;10
"Turkey";2022;"Europe";3;3;5
"Turkmenistan";2022;"Eurasia";0;0;2
"Tuvalu";2022;"Asia";12;15;13
"Uganda";2022;"Africa";4;4;7
"Ukraine";2022;"Eurasia";8;6;10
"United Arab Emirates";2022;"Middle East";2;3;4
"United Kingdom";2022;"Europe";12;13;15
"United States";2022;"Americas";11;11;15
"Uruguay";2022;"Americas";12;14;15
"Uzbekistan";2022;"Eurasia";1;1;4
"Vanuatu";2022;"Asia";11;13;11
"Venezuela";2022;"Americas";2;1;4
"Vietnam";2022;"Asia";1;4;8
"West Bank";2022;"Middle East";4;4;5
"Western Sahara";2022;"Africa";0;0;4
"Yemen";2022;"Middle East";3;1;2
"Zambia";2022;"Africa";6;8;8
"Zimbabwe";2022;"Africa";3;2;5
"Abkhazia";2021;"Eurasia";6;4;5
"Afghanistan";2021;"Asia";4;2;2
"Albania";2021;"Europe";8;9;9
"Algeria";2021;"Africa";3;6;7
"Andorra";2021;"Europe";11;15;15
"Angola";2021;"Africa";6;5;3
"Antigua and Barbuda";2021;"Americas";10;14;13
"Argentina";2021;"Americas";11;10;13
"Armenia";2021;"Eurasia";8;6;10
"Australia";2021;"Asia";12;15;15
"Austria";2021;"Europe";12;15;15
"Azerbaijan";2021;"Eurasia";1;0;5
"Bahamas";2021;"Americas";12;13;13
"Bahrain";2021;"Middle East";1;1;6
"Bangladesh";2021;"Asia";5;4;9
"Barbados";2021;"Americas";12;14;15
"Belarus";2021;"Eurasia";1;1;5
"Belgium";2021;"Europe";12;15;15
"Belize";2021;"Americas";11;13;13
"Benin";2021;"Africa";9;11;10
"Bhutan";2021;"Asia";5;8;9
"Bolivia";2021;"Americas";9;6;10
"Bosnia and Herzegovina";2021;"Europe";7;7;10
"Botswana";2021;"Africa";10;11;11
"Brazil";2021;"Americas";9;8;12
"Brunei";2021;"Asia";3;5;7
"Bulgaria";2021;"Europe";11;10;11
"Burkina Faso";2021;"Africa";8;5;7
"Burundi";2021;"Africa";1;1;4
"Cabo Verde";2021;"Africa";11;14;13
"Cambodia";2021;"Asia";3;3;6
"Cameroon";2021;"Africa";2;0;3
"Canada";2021;"Americas";12;15;16
"Central African Republic";2021;"Africa";1;1;0
"Chad";2021;"Africa";4;1;3
"Chile";2021;"Americas";11;13;15
"China";2021;"Asia";2;2;6
"Colombia";2021;"Americas";6;9;9
"Comoros";2021;"Africa";6;6;6
"Congo (Brazzaville)";2021;"Africa";4;1;6
"Congo (Kinshasa)";2021;"Africa";3;1;4
"Costa Rica";2021;"Americas";11;13;13
"Cote d'Ivoire";2021;"Africa";6;6;7
"Crimea";2021;"Eurasia";1;0;6
"Croatia";2021;"Europe";12;11;13
"Cuba";2021;"Americas";0;2;6
"Cyprus";2021;"Europe";12;15;14
"Czech Republic";2021;"Europe";12;14;15
"Denmark";2021;"Europe";12;14;15
"Djibouti";2021;"Africa";3;4;6
"Dominica";2021;"Americas";11;15;15
"Dominican Republic";2021;"Americas";10;8;9
"Eastern Donbas";2021;"Eurasia";0;0;3
"Ecuador";2021;"Americas";9;8;10
"Egypt";2021;"Africa";1;2;6
"El Salvador";2021;"Americas";8;7;7
"Equatorial Guinea";2021;"Africa";0;0;3
"Eritrea";2021;"Africa";0;0;1
"Estonia";2021;"Europe";12;14;14
"Eswatini";2021;"Africa";3;5;5
"Ethiopia";2021;"Africa";4;2;3
"Fiji";2021;"Asia";7;7;10
"Finland";2021;"Europe";12;16;16
"France";2021;"Europe";11;13;14
"Gabon";2021;"Africa";3;3;5
"Gaza Strip";2021;"Middle East";2;0;2
"Georgia";2021;"Eurasia";7;8;12
"Germany";2021;"Europe";12;14;15
"Ghana";2021;"Africa";11;11;11
"Greece";2021;"Europe";11;11;14
"Grenada";2021;"Americas";11;13;13
"Guatemala";2021;"Americas";6;6;8
"Guinea";2021;"Africa";4;4;6
"Guinea-Bissau";2021;"Africa";7;5;5
"Guyana";2021;"Americas";11;8;9
"Haiti";2021;"Americas";3;4;5
"Honduras";2021;"Americas";4;4;8
"Hong Kong";2021;"Asia";6;9;13
"Hungary";2021;"Europe";10;10;13
"Iceland";2021;"Europe";12;15;15
"India";2021;"Asia";7;8;9
"Indian Kashmir";2021;"Asia";3;4;7
"Indonesia";2021;"Asia";6;5;9
"Iran";2021;"Middle East";1;3;4
"Iraq";2021;"Middle East";4;1;4
"Ireland";2021;"Europe";12;14;16
"Israel";2021;"Middle East";9;11;11
"Italy";2021;"Europe";12;13;14
"Jamaica";2021;"Americas";11;9;11
"Japan";2021;"Asia";12;15;14
"Jordan";2021;"Middle East";1;7;8
"Kazakhstan";2021;"Eurasia";2;4;8
"Kenya";2021;"Africa";7;5;7
"Kiribati";2021;"Asia";12;15;13
"Kosovo";2021;"Europe";8;6;8
"Kuwait";2021;"Middle East";4;7;6
"Kyrgyzstan";2021;"Eurasia";5;2;7
"Laos";2021;"Asia";0;2;6
"Latvia";2021;"Europe";12;12;14
"Lebanon";2021;"Middle East";8;5;6
"Lesotho";2021;"Africa";7;8;9
"Liberia";2021;"Africa";7;6;9
"Libya";2021;"Africa";2;0;2
"Liechtenstein";2021;"Europe";12;14;15
"Lithuania";2021;"Europe";11;12;14
"Luxembourg";2021;"Europe";12;15;16
"Madagascar";2021;"Africa";8;7;8
"Malawi";2021;"Africa";8;9;7
"Malaysia";2021;"Asia";6;7;9
"Maldives";2021;"Asia";5;6;7
"Mali";2021;"Africa";6;4;4
"Malta";2021;"Europe";12;15;14
"Marshall Islands";2021;"Asia";11;15;13
"Mauritania";2021;"Africa";4;4;4
"Mauritius";2021;"Africa";11;13;12
"Mexico";2021;"Americas";7;5;9
"Micronesia";2021;"Asia";11;15;13
"Moldova";2021;"Eurasia";8;6;9
"Monaco";2021;"Europe";12;14;15
"Mongolia";2021;"Asia";11;11;12
"Montenegro";2021;"Europe";9;9;11
"Morocco";2021;"Africa";5;5;7
"Mozambique";2021;"Africa";6;6;8
"Myanmar";2021;"Asia";5;1;4
"Nagorno-Karabakh";2021;"Eurasia";5;3;4
"Namibia";2021;"Africa";11;11;10
"Nauru";2021;"Asia";9;9;12
"Nepal";2021;"Asia";7;6;8
"Netherlands";2021;"Europe";12;15;15
"New Zealand";2021;"Asia";12;15;16
"Nicaragua";2021;"Americas";2;3;8
"Niger";2021;"Africa";6;6;6
"Nigeria";2021;"Africa";6;4;5
"North Korea";2021;"Asia";0;0;3
"North Macedonia";2021;"Europe";8;9;10
"Northern Cyprus";2021;"Europe";11;13;11
"Norway";2021;"Europe";12;16;16
"Oman";2021;"Middle East";3;4;5
"Pakistan";2021;"Asia";6;4;6
"Pakistani Kashmir";2021;"Asia";4;3;6
"Palau";2021;"Asia";11;15;13
"Panama";2021;"Americas";11;10;12
"Papua New Guinea";2021;"Asia";10;7;8
"Paraguay";2021;"Americas";8;7;10
"Peru";2021;"Americas";8;8;11
"Philippines";2021;"Asia";6;3;10
"Poland";2021;"Europe";10;11;14
"Portugal";2021;"Europe";12;14;15
"Qatar";2021;"Middle East";2;5;4
"Romania";2021;"Europe";11;12;12
"Russia";2021;"Eurasia";3;2;7
"Rwanda";2021;"Africa";2;2;6
"Samoa";2021;"Asia";11;14;12
"San Marino";2021;"Europe";12;13;15
"Sao Tome and Principe";2021;"Africa";11;12;11
"Saudi Arabia";2021;"Middle East";0;2;2
"Senegal";2021;"Africa";9;9;11
"Serbia";2021;"Europe";9;9;12
"Seychelles";2021;"Africa";9;11;11
"Sierra Leone";2021;"Africa";6;9;10
"Singapore";2021;"Asia";3;7;11
"Slovakia";2021;"Europe";12;12;14
"Slovenia";2021;"Europe";12;15;14
"Solomon Islands";2021;"Asia";10;11;12
"Somalia";2021;"Africa";3;0;0
"Somaliland";2021;"Africa";5;7;6
"South Africa";2021;"Africa";12;9;10
"South Korea";2021;"Asia";11;12;13
"South Ossetia";2021;"Eurasia";2;1;2
"South Sudan";2021;"Africa";2;0;0
"Spain";2021;"Europe";11;13;15
"Sri Lanka";2021;"Asia";9;8;8
"St. Kitts and Nevis";2021;"Americas";12;13;13
"St. Lucia";2021;"Americas";12;13;14
"St. Vincent and the Grenadines";2021;"Americas";12;14;14
"Sudan";2021;"Africa";4;1;3
"Suriname";2021;"Americas";11;9;10
"Sweden";2021;"Europe";12;16;16
"Switzerland";2021;"Europe";12;15;15
"Syria";2021;"Middle East";0;0;1
"Taiwan";2021;"Asia";11;15;14
"Tajikistan";2021;"Eurasia";2;1;4
"Tanzania";2021;"Africa";4;4;7
"Thailand";2021;"Asia";4;5;10
"The Gambia";2021;"Africa";6;6;6
"Tibet";2021;"Asia";0;0;3
"Timor-Leste";2021;"Asia";8;8;9
"Togo";2021;"Africa";6;6;7
"Tonga";2021;"Asia";10;12;13
"Transnistria";2021;"Eurasia";1;2;5
"Trinidad and Tobago";2021;"Americas";11;9;13
"Tunisia";2021;"Africa";8;9;10
"Turkey";2021;"Europe";3;3;5
"Turkmenistan";2021;"Eurasia";0;0;2
"Tuvalu";2021;"Asia";12;15;13
"Uganda";2021;"Africa";4;4;7
"Ukraine";2021;"Eurasia";7;6;10
"United Arab Emirates";2021;"Middle East";2;3;4
"United Kingdom";2021;"Europe";12;13;15
"United States";2021;"Americas";10;11;15
"Uruguay";2021;"Americas";12;15;15
"Uzbekistan";2021;"Eurasia";1;1;4
"Vanuatu";2021;"Asia";11;13;11
"Venezuela";2021;"Americas";2;1;4
"Vietnam";2021;"Asia";1;4;8
"West Bank";2021;"Middle East";5;4;5
"Western Sahara";2021;"Africa";0;0;4
"Yemen";2021;"Middle East";3;2;2
"Zambia";2021;"Africa";7;8;8
"Zimbabwe";2021;"Africa";3;2;5
"Abkhazia";2020;"Eurasia";6;4;5
"Afghanistan";2020;"Asia";4;2;2
"Albania";2020;"Europe";9;9;9
"Algeria";2020;"Africa";4;6;7
"Andorra";2020;"Europe";11;15;15
"Angola";2020;"Africa";6;5;3
"Antigua and Barbuda";2020;"Americas";10;14;13
"Argentina";2020;"Americas";11;10;14
"Armenia";2020;"Eurasia";8;6;9
"Australia";2020;"Asia";12;15;15
"Austria";2020;"Europe";12;15;15
"Azerbaijan";2020;"Eurasia";1;0;5
"Bahamas";2020;"Americas";12;13;13
"Bahrain";2020;"Middle East";1;1;6
"Bangladesh";2020;"Asia";5;4;9
"Barbados";2020;"Americas";12;14;15
"Belarus";2020;"Eurasia";3;2;7
"Belgium";2020;"Europe";12;15;15
"Belize";2020;"Americas";11;12;13
"Benin";2020;"Africa";9;11;10
"Bhutan";2020;"Asia";5;8;8
"Bolivia";2020;"Americas";8;6;10
"Bosnia and Herzegovina";2020;"Europe";7;7;10
"Botswana";2020;"Africa";10;11;11
"Brazil";2020;"Americas";9;8;13
"Brunei";2020;"Asia";3;5;7
"Bulgaria";2020;"Europe";11;10;12
"Burkina Faso";2020;"Africa";8;6;8
"Burundi";2020;"Africa";1;1;4
"Cabo Verde";2020;"Africa";11;14;13
"Cambodia";2020;"Asia";3;3;6
"Cameroon";2020;"Africa";2;1;4
"Canada";2020;"Americas";12;15;16
"Central African Republic";2020;"Africa";1;1;0
"Chad";2020;"Africa";4;1;3
"Chile";2020;"Americas";10;13;14
"China";2020;"Asia";2;2;6
"Colombia";2020;"Americas";6;9;10
"Comoros";2020;"Africa";6;6;6
"Congo (Brazzaville)";2020;"Africa";4;1;6
"Congo (Kinshasa)";2020;"Africa";3;0;4
"Costa Rica";2020;"Americas";11;13;13
"Cote d'Ivoire";2020;"Africa";8;6;7
"Crimea";2020;"Eurasia";1;0;6
"Croatia";2020;"Europe";12;11;13
"Cuba";2020;"Americas";0;2;6
"Cyprus";2020;"Europe";12;15;14
"Czech Republic";2020;"Europe";12;14;15
"Denmark";2020;"Europe";12;14;15
"Djibouti";2020;"Africa";3;4;6
"Dominica";2020;"Americas";11;15;15
"Dominican Republic";2020;"Americas";10;8;9
"Eastern Donbas";2020;"Eurasia";0;0;4
"Ecuador";2020;"Americas";8;8;10
"Egypt";2020;"Africa";1;3;6
"El Salvador";2020;"Americas";8;7;8
"Equatorial Guinea";2020;"Africa";0;0;3
"Eritrea";2020;"Africa";0;0;1
"Estonia";2020;"Europe";12;14;14
"Eswatini";2020;"Africa";3;5;5
"Ethiopia";2020;"Africa";4;2;4
"Fiji";2020;"Asia";7;7;10
"Finland";2020;"Europe";12;16;16
"France";2020;"Europe";11;13;14
"Gabon";2020;"Africa";3;3;5
"Gaza Strip";2020;"Middle East";2;0;2
"Georgia";2020;"Eurasia";7;8;12
"Germany";2020;"Europe";12;14;15
"Ghana";2020;"Africa";11;11;11
"Greece";2020;"Europe";12;11;14
"Grenada";2020;"Americas";11;13;13
"Guatemala";2020;"Americas";6;6;8
"Guinea";2020;"Africa";4;4;6
"Guinea-Bissau";2020;"Africa";8;5;5
"Guyana";2020;"Americas";11;8;9
"Haiti";2020;"Americas";3;4;5
"Honduras";2020;"Americas";4;5;8
"Hong Kong";2020;"Asia";6;10;13
"Hungary";2020;"Europe";10;10;13
"Iceland";2020;"Europe";12;15;15
"India";2020;"Asia";8;9;10
"Indian Kashmir";2020;"Asia";3;4;7
"Indonesia";2020;"Asia";7;5;9
"Iran";2020;"Middle East";1;3;4
"Iraq";2020;"Middle East";4;1;4
"Ireland";2020;"Europe";12;14;16
"Israel";2020;"Middle East";9;11;11
"Italy";2020;"Europe";12;12;14
"Jamaica";2020;"Americas";10;8;11
"Japan";2020;"Asia";12;15;14
"Jordan";2020;"Middle East";3;7;8
"Kazakhstan";2020;"Eurasia";2;4;8
"Kenya";2020;"Africa";7;5;7
"Kiribati";2020;"Asia";12;15;13
"Kosovo";2020;"Europe";8;6;8
"Kuwait";2020;"Middle East";4;7;6
"Kyrgyzstan";2020;"Eurasia";6;4;7
"Laos";2020;"Asia";0;2;6
"Latvia";2020;"Europe";12;12;14
"Lebanon";2020;"Middle East";8;5;6
"Lesotho";2020;"Africa";7;8;9
"Liberia";2020;"Africa";7;6;9
"Libya";2020;"Africa";2;0;2
"Liechtenstein";2020;"Europe";12;14;15
"Lithuania";2020;"Europe";11;12;14
"Luxembourg";2020;"Europe";12;16;16
"Madagascar";2020;"Africa";9;7;8
"Malawi";2020;"Africa";7;9;7
"Malaysia";2020;"Asia";6;7;9
"Maldives";2020;"Asia";6;6;7
"Mali";2020;"Africa";6;4;4
"Malta";2020;"Europe";12;15;14
"Marshall Islands";2020;"Asia";11;15;13
"Mauritania";2020;"Africa";4;4;4
"Mauritius";2020;"Africa";12;13;12
"Mexico";2020;"Americas";7;5;10
"Micronesia";2020;"Asia";11;15;13
"Moldova";2020;"Eurasia";8;6;9
"Monaco";2020;"Europe";12;14;15
"Mongolia";2020;"Asia";11;11;12
"Montenegro";2020;"Europe";9;9;11
"Morocco";2020;"Africa";5;5;7
"Mozambique";2020;"Africa";6;7;9
"Myanmar";2020;"Asia";6;1;4
"Nagorno-Karabakh";2020;"Eurasia";5;4;5
"Namibia";2020;"Africa";11;11;10
"Nauru";2020;"Asia";9;9;12
"Nepal";2020;"Asia";7;6;8
"Netherlands";2020;"Europe";12;15;16
"New Zealand";2020;"Asia";12;14;15
"Nicaragua";2020;"Americas";2;4;8
"Niger";2020;"Africa";6;6;6
"Nigeria";2020;"Africa";7;4;5
"North Korea";2020;"Asia";0;0;3
"North Macedonia";2020;"Europe";8;9;10
"Northern Cyprus";2020;"Europe";11;13;11
"Norway";2020;"Europe";12;16;16
"Oman";2020;"Middle East";3;4;5
"Pakistan";2020;"Asia";6;4;6
"Pakistani Kashmir";2020;"Asia";4;3;6
"Palau";2020;"Asia";11;15;13
"Panama";2020;"Americas";11;10;12
"Papua New Guinea";2020;"Asia";10;7;8
"Paraguay";2020;"Americas";8;7;10
"Peru";2020;"Americas";8;8;11
"Philippines";2020;"Asia";7;3;10
"Poland";2020;"Europe";10;11;14
"Portugal";2020;"Europe";12;14;15
"Qatar";2020;"Middle East";2;5;4
"Romania";2020;"Europe";11;12;12
"Russia";2020;"Eurasia";3;2;7
"Rwanda";2020;"Africa";2;2;7
"Samoa";2020;"Asia";11;14;12
"San Marino";2020;"Europe";12;15;15
"Sao Tome and Principe";2020;"Africa";11;12;11
"Saudi Arabia";2020;"Middle East";0;2;2
"Senegal";2020;"Africa";9;9;11
"Serbia";2020;"Europe";10;9;12
"Seychelles";2020;"Africa";9;11;11
"Sierra Leone";2020;"Africa";6;9;10
"Singapore";2020;"Asia";4;7;12
"Slovakia";2020;"Europe";12;12;14
"Slovenia";2020;"Europe";12;15;14
"Solomon Islands";2020;"Asia";10;11;12
"Somalia";2020;"Africa";3;0;0
"Somaliland";2020;"Africa";5;7;6
"South Africa";2020;"Africa";12;9;10
"South Korea";2020;"Asia";11;12;13
"South Ossetia";2020;"Eurasia";1;1;3
"South Sudan";2020;"Africa";2;0;0
"Spain";2020;"Europe";11;14;15
"Sri Lanka";2020;"Asia";9;8;8
"St. Kitts and Nevis";2020;"Americas";12;13;13
"St. Lucia";2020;"Americas";12;13;14
"St. Vincent and the Grenadines";2020;"Americas";12;14;14
"Sudan";2020;"Africa";3;1;1
"Suriname";2020;"Americas";11;8;10
"Sweden";2020;"Europe";12;16;16
"Switzerland";2020;"Europe";12;15;15
"Syria";2020;"Middle East";0;0;0
"Taiwan";2020;"Asia";11;15;14
"Tajikistan";2020;"Eurasia";2;1;4
"Tanzania";2020;"Africa";4;5;7
"Thailand";2020;"Asia";5;5;10
"The Gambia";2020;"Africa";6;6;6
"Tibet";2020;"Asia";0;0;3
"Timor-Leste";2020;"Asia";8;8;9
"Togo";2020;"Africa";6;6;7
"Tonga";2020;"Asia";10;12;13
"Transnistria";2020;"Eurasia";1;2;5
"Trinidad and Tobago";2020;"Americas";11;9;13
"Tunisia";2020;"Africa";7;9;10
"Turkey";2020;"Europe";3;3;5
"Turkmenistan";2020;"Eurasia";0;0;2
"Tuvalu";2020;"Asia";12;15;13
"Uganda";2020;"Africa";4;4;7
"Ukraine";2020;"Eurasia";7;7;10
"United Arab Emirates";2020;"Middle East";2;3;4
"United Kingdom";2020;"Europe";12;14;15
"United States";2020;"Americas";11;11;15
"Uruguay";2020;"Americas";12;15;15
"Uzbekistan";2020;"Eurasia";1;1;4
"Vanuatu";2020;"Asia";11;13;11
"Venezuela";2020;"Americas";2;1;5
"Vietnam";2020;"Asia";1;4;8
"West Bank";2020;"Middle East";5;4;5
"Western Sahara";2020;"Africa";0;0;4
"Yemen";2020;"Middle East";3;2;2
"Zambia";2020;"Africa";7;8;8
"Zimbabwe";2020;"Africa";3;2;5
"Abkhazia";2019;"Eurasia";6;4;5
"Afghanistan";2019;"Asia";4;2;2
"Albania";2019;"Europe";9;9;9
"Algeria";2019;"Africa";4;6;7
"Andorra";2019;"Europe";11;15;15
"Angola";2019;"Africa";6;4;3
"Antigua and Barbuda";2019;"Americas";9;14;13
"Argentina";2019;"Americas";11;10;14
"Armenia";2019;"Eurasia";7;6;9
"Australia";2019;"Asia";12;15;15
"Austria";2019;"Europe";12;15;15
"Azerbaijan";2019;"Eurasia";1;1;5
"Bahamas";2019;"Americas";12;13;13
"Bahrain";2019;"Middle East";1;1;6
"Bangladesh";2019;"Asia";5;4;9
"Barbados";2019;"Americas";12;15;15
"Belarus";2019;"Eurasia";3;2;7
"Belgium";2019;"Europe";12;15;15
"Belize";2019;"Americas";10;12;13
"Benin";2019;"Africa";11;11;10
"Bhutan";2019;"Asia";5;8;8
"Bolivia";2019;"Americas";9;6;10
"Bosnia and Herzegovina";2019;"Europe";7;7;10
"Botswana";2019;"Africa";10;11;11
"Brazil";2019;"Americas";9;8;13
"Brunei";2019;"Asia";3;6;7
"Bulgaria";2019;"Europe";11;10;12
"Burkina Faso";2019;"Africa";9;7;8
"Burundi";2019;"Africa";1;1;4
"Cabo Verde";2019;"Africa";11;14;13
"Cambodia";2019;"Asia";3;3;6
"Cameroon";2019;"Africa";2;1;4
"Canada";2019;"Americas";12;15;16
"Central African Republic";2019;"Africa";1;0;0
"Chad";2019;"Africa";4;1;3
"Chile";2019;"Americas";12;14;15
"China";2019;"Asia";2;2;6
"Colombia";2019;"Americas";6;9;10
"Comoros";2019;"Africa";6;7;6
"Congo (Brazzaville)";2019;"Africa";5;1;6
"Congo (Kinshasa)";2019;"Africa";1;0;4
"Costa Rica";2019;"Americas";11;13;13
"Cote d'Ivoire";2019;"Africa";8;6;7
"Crimea";2019;"Eurasia";1;0;6
"Croatia";2019;"Europe";12;11;13
"Cuba";2019;"Americas";0;2;6
"Cyprus";2019;"Europe";12;15;14
"Czech Republic";2019;"Europe";12;14;15
"Denmark";2019;"Europe";12;14;15
"Djibouti";2019;"Africa";3;4;6
"Dominica";2019;"Americas";11;15;15
"Dominican Republic";2019;"Americas";10;8;9
"Ecuador";2019;"Americas";9;7;10
"Egypt";2019;"Africa";1;3;6
"El Salvador";2019;"Americas";8;7;8
"Equatorial Guinea";2019;"Africa";0;0;3
"Eritrea";2019;"Africa";0;0;1
"Estonia";2019;"Europe";12;14;14
"Eswatini";2019;"Africa";2;4;4
"Ethiopia";2019;"Africa";2;2;4
"Fiji";2019;"Asia";8;7;10
"Finland";2019;"Europe";12;16;16
"France";2019;"Europe";11;13;14
"Gabon";2019;"Africa";3;3;5
"Gaza Strip";2019;"Middle East";2;0;2
"Georgia";2019;"Eurasia";8;8;12
"Germany";2019;"Europe";12;14;15
"Ghana";2019;"Africa";11;11;11
"Greece";2019;"Europe";12;11;14
"Grenada";2019;"Americas";11;13;13
"Guatemala";2019;"Americas";6;6;8
"Guinea";2019;"Africa";5;4;6
"Guinea-Bissau";2019;"Africa";7;4;5
"Guyana";2019;"Americas";11;8;9
"Haiti";2019;"Americas";4;4;6
"Honduras";2019;"Americas";4;5;8
"Hong Kong";2019;"Asia";8;11;13
"Hungary";2019;"Europe";10;10;13
"Iceland";2019;"Europe";12;15;15
"India";2019;"Asia";10;9;10
"Indian Kashmir";2019;"Asia";5;5;8
"Indonesia";2019;"Asia";7;5;9
"Iran";2019;"Middle East";1;3;4
"Iraq";2019;"Middle East";5;1;4
"Ireland";2019;"Europe";12;14;16
"Israel";2019;"Middle East";9;11;11
"Italy";2019;"Europe";12;12;14
"Jamaica";2019;"Americas";10;8;11
"Japan";2019;"Asia";12;15;14
"Jordan";2019;"Middle East";3;7;8
"Kazakhstan";2019;"Eurasia";1;4;8
"Kenya";2019;"Africa";7;5;7
"Kiribati";2019;"Asia";12;15;13
"Kosovo";2019;"Europe";8;6;7
"Kuwait";2019;"Middle East";4;7;6
"Kyrgyzstan";2019;"Eurasia";5;4;7
"Laos";2019;"Asia";0;2;6
"Latvia";2019;"Europe";12;12;14
"Lebanon";2019;"Middle East";8;5;7
"Lesotho";2019;"Africa";7;8;9
"Liberia";2019;"Africa";8;7;9
"Libya";2019;"Africa";2;0;2
"Liechtenstein";2019;"Europe";12;14;15
"Lithuania";2019;"Europe";11;12;14
"Luxembourg";2019;"Europe";12;16;16
"Madagascar";2019;"Africa";8;7;7
"Malawi";2019;"Africa";8;9;7
"Malaysia";2019;"Asia";6;7;9
"Maldives";2019;"Asia";6;5;7
"Mali";2019;"Africa";6;6;4
"Malta";2019;"Europe";12;15;14
"Marshall Islands";2019;"Asia";11;15;13
"Mauritania";2019;"Africa";4;4;4
"Mauritius";2019;"Africa";12;13;12
"Mexico";2019;"Americas";7;6;10
"Micronesia";2019;"Asia";11;15;13
"Moldova";2019;"Eurasia";8;6;9
"Monaco";2019;"Europe";12;14;14
"Mongolia";2019;"Asia";11;12;12
"Montenegro";2019;"Europe";9;10;12
"Morocco";2019;"Africa";5;6;7
"Mozambique";2019;"Africa";7;7;9
"Myanmar";2019;"Asia";6;1;5
"Nagorno-Karabakh";2019;"Eurasia";4;4;5
"Namibia";2019;"Africa";11;11;10
"Nauru";2019;"Asia";9;10;12
"Nepal";2019;"Asia";6;6;8
"Netherlands";2019;"Europe";12;15;16
"New Zealand";2019;"Asia";12;15;15
"Nicaragua";2019;"Americas";2;4;8
"Niger";2019;"Africa";6;6;6
"Nigeria";2019;"Africa";7;4;5
"North Korea";2019;"Asia";0;0;3
"North Macedonia";2019;"Europe";8;8;10
"Northern Cyprus";2019;"Europe";11;13;11
"Norway";2019;"Europe";12;16;16
"Oman";2019;"Middle East";3;4;5
"Pakistan";2019;"Asia";6;4;6
"Pakistani Kashmir";2019;"Asia";4;3;6
"Palau";2019;"Asia";11;15;13
"Panama";2019;"Americas";11;10;12
"Papua New Guinea";2019;"Asia";10;8;9
"Paraguay";2019;"Americas";8;7;10
"Peru";2019;"Americas";8;8;11
"Philippines";2019;"Asia";8;3;10
"Poland";2019;"Europe";10;11;14
"Portugal";2019;"Europe";12;14;15
"Qatar";2019;"Middle East";2;5;4
"Romania";2019;"Europe";10;12;12
"Russia";2019;"Eurasia";3;2;7
"Rwanda";2019;"Africa";2;2;7
"Samoa";2019;"Asia";11;14;12
"San Marino";2019;"Europe";12;15;15
"Sao Tome and Principe";2019;"Africa";11;12;11
"Saudi Arabia";2019;"Middle East";0;2;2
"Senegal";2019;"Africa";9;9;11
"Serbia";2019;"Europe";10;9;12
"Seychelles";2019;"Africa";9;11;11
"Sierra Leone";2019;"Africa";6;9;10
"Singapore";2019;"Asia";4;7;12
"Slovakia";2019;"Europe";12;12;14
"Slovenia";2019;"Europe";12;15;14
"Solomon Islands";2019;"Asia";10;11;12
"Somalia";2019;"Africa";3;0;0
"Somaliland";2019;"Africa";5;7;6
"South Africa";2019;"Africa";12;9;10
"South Korea";2019;"Asia";11;12;13
"South Ossetia";2019;"Eurasia";1;1;3
"South Sudan";2019;"Africa";2;0;0
"Spain";2019;"Europe";11;15;15
"Sri Lanka";2019;"Asia";8;8;8
"St. Kitts and Nevis";2019;"Americas";12;13;13
"St. Lucia";2019;"Americas";12;13;14
"St. Vincent and the Grenadines";2019;"Americas";12;14;14
"Sudan";2019;"Africa";1;0;1
"Suriname";2019;"Americas";11;8;10
"Sweden";2019;"Europe";12;16;16
"Switzerland";2019;"Europe";12;15;15
"Syria";2019;"Middle East";0;0;0
"Taiwan";2019;"Asia";11;15;14
"Tajikistan";2019;"Eurasia";2;1;4
"Tanzania";2019;"Africa";5;6;7
"Thailand";2019;"Asia";4;5;10
"The Gambia";2019;"Africa";6;5;6
"Tibet";2019;"Asia";0;0;3
"Timor-Leste";2019;"Asia";8;7;9
"Togo";2019;"Africa";6;6;7
"Tonga";2019;"Asia";10;12;13
"Transnistria";2019;"Eurasia";2;2;5
"Trinidad and Tobago";2019;"Americas";11;9;13
"Tunisia";2019;"Africa";7;9;10
"Turkey";2019;"Europe";3;3;5
"Turkmenistan";2019;"Eurasia";0;0;2
"Tuvalu";2019;"Asia";12;15;13
"Uganda";2019;"Africa";4;4;7
"Ukraine";2019;"Eurasia";7;6;10
"United Arab Emirates";2019;"Middle East";2;3;4
"United Kingdom";2019;"Europe";12;14;14
"United States";2019;"Americas";11;11;15
"Uruguay";2019;"Americas";12;15;15
"Uzbekistan";2019;"Eurasia";1;1;4
"Vanuatu";2019;"Asia";11;12;11
"Venezuela";2019;"Americas";2;1;6
"Vietnam";2019;"Asia";1;4;8
"West Bank";2019;"Middle East";5;4;5
"Western Sahara";2019;"Africa";0;0;4
"Yemen";2019;"Middle East";3;2;2
"Zambia";2019;"Africa";7;8;8
"Zimbabwe";2019;"Africa";4;2;5
"Abkhazia";2018;"Eurasia";6;4;5
"Afghanistan";2018;"Asia";4;2;2
"Albania";2018;"Europe";9;9;9
"Algeria";2018;"Africa";5;6;7
"Andorra";2018;"Europe";11;15;16
"Angola";2018;"Africa";3;3;3
"Antigua and Barbuda";2018;"Americas";9;13;13
"Argentina";2018;"Americas";11;10;14
"Armenia";2018;"Eurasia";6;6;9
"Australia";2018;"Asia";12;15;15
"Austria";2018;"Europe";12;15;15
"Azerbaijan";2018;"Eurasia";1;1;5
"Bahamas";2018;"Americas";12;13;13
"Bahrain";2018;"Middle East";1;1;6
"Bangladesh";2018;"Asia";5;5;9
"Barbados";2018;"Americas";12;15;15
"Belarus";2018;"Eurasia";3;2;7
"Belgium";2018;"Europe";12;14;15
"Belize";2018;"Americas";10;12;13
"Benin";2018;"Africa";12;12;10
"Bhutan";2018;"Asia";4;6;8
"Bolivia";2018;"Americas";9;6;10
"Bosnia and Herzegovina";2018;"Europe";7;7;10
"Botswana";2018;"Africa";10;11;11
"Brazil";2018;"Americas";10;9;13
"Brunei";2018;"Asia";3;6;7
"Bulgaria";2018;"Europe";11;10;12
"Burkina Faso";2018;"Africa";9;7;8
"Burundi";2018;"Africa";2;1;5
"Cabo Verde";2018;"Africa";11;14;13
"Cambodia";2018;"Asia";3;3;6
"Cameroon";2018;"Africa";2;1;4
"Canada";2018;"Americas";12;15;16
"Central African Republic";2018;"Africa";1;0;0
"Chad";2018;"Africa";4;1;3
"Chile";2018;"Americas";12;14;15
"China";2018;"Asia";3;2;6
"Colombia";2018;"Americas";5;9;10
"Comoros";2018;"Africa";7;8;6
"Congo (Brazzaville)";2018;"Africa";5;1;6
"Congo (Kinshasa)";2018;"Africa";2;0;4
"Costa Rica";2018;"Americas";11;13;13
"Cote d'Ivoire";2018;"Africa";8;6;7
"Crimea";2018;"Eurasia";1;0;6
"Croatia";2018;"Europe";12;11;13
"Cuba";2018;"Americas";0;2;6
"Cyprus";2018;"Europe";12;15;14
"Czech Republic";2018;"Europe";12;14;15
"Denmark";2018;"Europe";12;14;15
"Djibouti";2018;"Africa";3;4;6
"Dominica";2018;"Americas";11;15;15
"Dominican Republic";2018;"Americas";10;8;9
"Ecuador";2018;"Americas";7;6;10
"Egypt";2018;"Africa";2;3;6
"El Salvador";2018;"Americas";8;8;8
"Equatorial Guinea";2018;"Africa";0;0;3
"Eritrea";2018;"Africa";0;0;2
"Estonia";2018;"Europe";12;14;14
"Eswatini";2018;"Africa";2;4;4
"Ethiopia";2018;"Africa";0;2;4
"Fiji";2018;"Asia";6;7;10
"Finland";2018;"Europe";12;16;16
"France";2018;"Europe";11;13;14
"Gabon";2018;"Africa";3;3;5
"Gaza Strip";2018;"Middle East";3;0;2
"Georgia";2018;"Eurasia";8;8;11
"Germany";2018;"Europe";12;14;15
"Ghana";2018;"Africa";11;11;10
"Greece";2018;"Europe";12;11;13
"Grenada";2018;"Americas";11;12;13
"Guatemala";2018;"Americas";6;7;8
"Guinea";2018;"Africa";5;4;5
"Guinea-Bissau";2018;"Africa";6;4;5
"Guyana";2018;"Americas";10;8;9
"Haiti";2018;"Americas";4;4;6
"Honduras";2018;"Americas";4;5;8
"Hong Kong";2018;"Asia";8;11;13
"Hungary";2018;"Europe";10;10;13
"Iceland";2018;"Europe";12;15;16
"India";2018;"Asia";10;9;10
"Indian Kashmir";2018;"Asia";5;5;8
"Indonesia";2018;"Asia";8;5;9
"Iran";2018;"Middle East";1;3;4
"Iraq";2018;"Middle East";6;0;4
"Ireland";2018;"Europe";12;14;15
"Israel";2018;"Middle East";9;11;11
"Italy";2018;"Europe";12;12;14
"Jamaica";2018;"Americas";9;8;11
"Japan";2018;"Asia";12;15;14
"Jordan";2018;"Middle East";3;7;8
"Kazakhstan";2018;"Eurasia";1;4;8
"Kenya";2018;"Africa";7;5;7
"Kiribati";2018;"Asia";12;15;13
"Kosovo";2018;"Europe";6;6;7
"Kuwait";2018;"Middle East";4;7;6
"Kyrgyzstan";2018;"Eurasia";4;4;7
"Laos";2018;"Asia";0;2;5
"Latvia";2018;"Europe";12;12;13
"Lebanon";2018;"Middle East";8;5;7
"Lesotho";2018;"Africa";7;9;9
"Liberia";2018;"Africa";8;7;9
"Libya";2018;"Africa";2;0;2
"Liechtenstein";2018;"Europe";12;14;15
"Lithuania";2018;"Europe";11;12;14
"Luxembourg";2018;"Europe";12;16;16
"Madagascar";2018;"Africa";8;6;8
"Malawi";2018;"Africa";8;9;7
"Malaysia";2018;"Asia";6;5;9
"Maldives";2018;"Asia";5;6;7
"Mali";2018;"Africa";6;6;4
"Malta";2018;"Europe";12;15;14
"Marshall Islands";2018;"Asia";11;15;13
"Mauritania";2018;"Africa";4;4;4
"Mauritius";2018;"Africa";12;13;12
"Mexico";2018;"Americas";7;6;10
"Micronesia";2018;"Asia";11;15;14
"Moldova";2018;"Eurasia";8;6;9
"Monaco";2018;"Europe";12;15;14
"Mongolia";2018;"Asia";11;12;12
"Montenegro";2018;"Europe";9;10;12
"Morocco";2018;"Africa";5;6;7
"Mozambique";2018;"Africa";7;7;9
"Myanmar";2018;"Asia";6;1;5
"Nagorno-Karabakh";2018;"Eurasia";3;4;5
"Namibia";2018;"Africa";12;11;10
"Nauru";2018;"Asia";9;10;14
"Nepal";2018;"Asia";6;6;8
"Netherlands";2018;"Europe";12;15;16
"New Zealand";2018;"Asia";12;15;15
"Nicaragua";2018;"Americas";5;6;10
"Niger";2018;"Africa";6;6;6
"Nigeria";2018;"Africa";7;4;5
"North Korea";2018;"Asia";0;0;3
"North Macedonia";2018;"Europe";8;8;10
"Northern Cyprus";2018;"Europe";11;13;11
"Norway";2018;"Europe";12;16;16
"Oman";2018;"Middle East";3;4;5
"Pakistan";2018;"Asia";6;5;6
"Pakistani Kashmir";2018;"Asia";4;3;6
"Palau";2018;"Asia";11;15;13
"Panama";2018;"Americas";11;10;12
"Papua New Guinea";2018;"Asia";9;7;9
"Paraguay";2018;"Americas";8;7;10
"Peru";2018;"Americas";8;8;11
"Philippines";2018;"Asia";8;3;10
"Poland";2018;"Europe";10;11;14
"Portugal";2018;"Europe";12;15;15
"Qatar";2018;"Middle East";2;4;4
"Romania";2018;"Europe";11;12;12
"Russia";2018;"Eurasia";3;2;7
"Rwanda";2018;"Africa";2;2;7
"Samoa";2018;"Asia";10;14;12
"San Marino";2018;"Europe";12;16;16
"Sao Tome and Principe";2018;"Africa";10;12;11
"Saudi Arabia";2018;"Middle East";0;2;2
"Senegal";2018;"Africa";10;10;11
"Serbia";2018;"Europe";10;9;13
"Seychelles";2018;"Africa";9;11;11
"Sierra Leone";2018;"Africa";7;9;10
"Singapore";2018;"Asia";4;7;12
"Slovakia";2018;"Europe";12;12;14
"Slovenia";2018;"Europe";12;14;14
"Solomon Islands";2018;"Asia";9;9;12
"Somalia";2018;"Africa";2;0;1
"Somaliland";2018;"Africa";5;7;6
"South Africa";2018;"Africa";12;9;10
"South Korea";2018;"Asia";11;13;13
"South Ossetia";2018;"Eurasia";1;1;3
"South Sudan";2018;"Africa";2;0;0
"Spain";2018;"Europe";11;15;15
"Sri Lanka";2018;"Asia";8;7;8
"St. Kitts and Nevis";2018;"Americas";12;13;13
"St. Lucia";2018;"Americas";12;12;14
"St. Vincent and the Grenadines";2018;"Americas";12;13;14
"Sudan";2018;"Africa";1;0;1
"Suriname";2018;"Americas";11;8;10
"Sweden";2018;"Europe";12;16;16
"Switzerland";2018;"Europe";12;15;15
"Syria";2018;"Middle East";0;0;0
"Taiwan";2018;"Asia";11;15;14
"Tajikistan";2018;"Eurasia";2;2;4
"Tanzania";2018;"Africa";6;8;9
"Thailand";2018;"Asia";4;5;10
"The Gambia";2018;"Africa";5;3;6
"Tibet";2018;"Asia";0;0;3
"Timor-Leste";2018;"Asia";8;7;9
"Togo";2018;"Africa";6;7;7
"Tonga";2018;"Asia";9;12;12
"Transnistria";2018;"Eurasia";2;2;5
"Trinidad and Tobago";2018;"Americas";11;9;13
"Tunisia";2018;"Africa";9;9;10
"Turkey";2018;"Europe";3;2;6
"Turkmenistan";2018;"Eurasia";0;0;3
"Tuvalu";2018;"Asia";12;15;14
"Uganda";2018;"Africa";4;4;7
"Ukraine";2018;"Eurasia";9;6;10
"United Arab Emirates";2018;"Middle East";2;3;4
"United Kingdom";2018;"Europe";12;14;14
"United States";2018;"Americas";10;12;15
"Uruguay";2018;"Americas";12;15;15
"Uzbekistan";2018;"Eurasia";1;0;4
"Vanuatu";2018;"Asia";11;11;11
"Venezuela";2018;"Americas";2;1;7
"Vietnam";2018;"Asia";1;4;8
"West Bank";2018;"Middle East";5;5;5
"Western Sahara";2018;"Africa";0;0;4
"Yemen";2018;"Middle East";3;2;2
"Zambia";2018;"Africa";7;8;8
"Zimbabwe";2018;"Africa";4;3;5
"Abkhazia";2017;"Eurasia";6;4;5
"Afghanistan";2017;"Asia";4;2;2
"Albania";2017;"Europe";9;9;9
"Algeria";2017;"Africa";5;5;7
"Andorra";2017;"Europe";11;15;15
"Angola";2017;"Africa";3;3;3
"Antigua and Barbuda";2017;"Americas";9;13;13
"Argentina";2017;"Americas";11;10;14
"Armenia";2017;"Eurasia";6;5;9
"Australia";2017;"Asia";12;15;15
"Austria";2017;"Europe";12;15;15
"Azerbaijan";2017;"Eurasia";1;2;5
"Bahamas";2017;"Americas";12;13;13
"Bahrain";2017;"Middle East";1;1;6
"Bangladesh";2017;"Asia";6;5;9
"Barbados";2017;"Americas";12;15;15
"Belarus";2017;"Eurasia";3;2;7
"Belgium";2017;"Europe";12;13;15
"Belize";2017;"Americas";11;12;13
"Benin";2017;"Africa";12;12;10
"Bhutan";2017;"Asia";4;6;8
"Bolivia";2017;"Americas";9;6;10
"Bosnia and Herzegovina";2017;"Europe";7;7;10
"Botswana";2017;"Africa";10;11;11
"Brazil";2017;"Americas";10;10;13
"Brunei";2017;"Asia";3;6;7
"Bulgaria";2017;"Europe";11;10;12
"Burkina Faso";2017;"Africa";9;8;9
"Burundi";2017;"Africa";2;1;5
"Cabo Verde";2017;"Africa";11;14;13
"Cambodia";2017;"Asia";3;3;6
"Cameroon";2017;"Africa";3;1;4
"Canada";2017;"Americas";12;15;16
"Central African Republic";2017;"Africa";1;0;1
"Chad";2017;"Africa";4;1;3
"Chile";2017;"Americas";12;14;15
"China";2017;"Asia";3;2;6
"Colombia";2017;"Americas";5;8;10
"Comoros";2017;"Africa";7;8;6
"Congo (Brazzaville)";2017;"Africa";6;2;7
"Congo (Kinshasa)";2017;"Africa";3;0;4
"Costa Rica";2017;"Americas";11;13;13
"Cote d'Ivoire";2017;"Africa";8;6;7
"Crimea";2017;"Eurasia";1;0;6
"Croatia";2017;"Europe";12;11;13
"Cuba";2017;"Americas";0;3;6
"Cyprus";2017;"Europe";12;15;14
"Czech Republic";2017;"Europe";12;14;15
"Denmark";2017;"Europe";12;14;15
"Djibouti";2017;"Africa";3;4;6
"Dominica";2017;"Americas";12;15;15
"Dominican Republic";2017;"Americas";10;8;9
"Ecuador";2017;"Americas";6;6;10
"Egypt";2017;"Africa";4;2;6
"El Salvador";2017;"Americas";8;8;8
"Equatorial Guinea";2017;"Africa";0;0;3
"Eritrea";2017;"Africa";0;0;2
"Estonia";2017;"Europe";12;14;14
"Eswatini";2017;"Africa";2;4;4
"Ethiopia";2017;"Africa";0;2;4
"Fiji";2017;"Asia";5;7;10
"Finland";2017;"Europe";12;16;16
"France";2017;"Europe";11;13;14
"Gabon";2017;"Africa";4;6;5
"Gaza Strip";2017;"Middle East";3;0;2
"Georgia";2017;"Eurasia";8;8;10
"Germany";2017;"Europe";12;14;15
"Ghana";2017;"Africa";11;11;10
"Greece";2017;"Europe";11;11;13
"Grenada";2017;"Americas";11;12;13
"Guatemala";2017;"Americas";6;6;8
"Guinea";2017;"Africa";5;4;5
"Guinea-Bissau";2017;"Africa";5;4;5
"Guyana";2017;"Americas";10;8;9
"Haiti";2017;"Americas";4;4;6
"Honduras";2017;"Americas";5;5;8
"Hong Kong";2017;"Asia";8;12;13
"Hungary";2017;"Europe";11;10;13
"Iceland";2017;"Europe";12;15;16
"India";2017;"Asia";10;9;10
"Indian Kashmir";2017;"Asia";5;6;8
"Indonesia";2017;"Asia";8;5;9
"Iran";2017;"Middle East";1;3;4
"Iraq";2017;"Middle East";6;0;4
"Ireland";2017;"Europe";12;14;15
"Israel";2017;"Middle East";10;11;11
"Italy";2017;"Europe";12;12;14
"Jamaica";2017;"Americas";9;7;10
"Japan";2017;"Asia";12;15;14
"Jordan";2017;"Middle East";4;6;8
"Kazakhstan";2017;"Eurasia";1;4;8
"Kenya";2017;"Africa";7;5;7
"Kiribati";2017;"Asia";12;15;13
"Kosovo";2017;"Europe";6;6;7
"Kuwait";2017;"Middle East";4;7;6
"Kyrgyzstan";2017;"Eurasia";4;4;7
"Laos";2017;"Asia";0;2;5
"Latvia";2017;"Europe";12;12;12
"Lebanon";2017;"Middle East";7;5;7
"Lesotho";2017;"Africa";7;9;9
"Liberia";2017;"Africa";8;7;8
"Libya";2017;"Africa";2;0;4
"Liechtenstein";2017;"Europe";12;14;16
"Lithuania";2017;"Europe";11;13;13
"Luxembourg";2017;"Europe";12;16;16
"Madagascar";2017;"Africa";8;6;8
"Malawi";2017;"Africa";8;9;7
"Malaysia";2017;"Asia";5;5;9
"Maldives";2017;"Asia";5;6;7
"Mali";2017;"Africa";6;6;4
"Malta";2017;"Europe";12;15;14
"Marshall Islands";2017;"Asia";11;15;13
"Mauritania";2017;"Africa";4;4;4
"Mauritius";2017;"Africa";12;13;12
"Mexico";2017;"Americas";8;6;10
"Micronesia";2017;"Asia";11;15;14
"Moldova";2017;"Eurasia";8;6;9
"Monaco";2017;"Europe";12;15;14
"Mongolia";2017;"Asia";11;12;12
"Montenegro";2017;"Europe";9;10;12
"Morocco";2017;"Africa";6;6;7
"Mozambique";2017;"Africa";7;7;8
"Myanmar";2017;"Asia";5;1;5
"Nagorno-Karabakh";2017;"Eurasia";3;4;5
"Namibia";2017;"Africa";12;11;10
"Nauru";2017;"Asia";9;10;14
"Nepal";2017;"Asia";5;6;8
"Netherlands";2017;"Europe";12;15;16
"New Zealand";2017;"Asia";12;15;15
"Nicaragua";2017;"Americas";5;7;10
"Niger";2017;"Africa";6;5;6
"Nigeria";2017;"Africa";7;4;5
"North Korea";2017;"Asia";0;0;3
"North Macedonia";2017;"Europe";8;8;10
"Northern Cyprus";2017;"Europe";11;12;11
"Norway";2017;"Europe";12;16;16
"Oman";2017;"Middle East";3;4;5
"Pakistan";2017;"Asia";6;4;6
"Pakistani Kashmir";2017;"Asia";4;3;6
"Palau";2017;"Asia";11;15;13
"Panama";2017;"Americas";11;10;12
"Papua New Guinea";2017;"Asia";9;7;9
"Paraguay";2017;"Americas";8;7;10
"Peru";2017;"Americas";8;8;10
"Philippines";2017;"Asia";8;4;10
"Poland";2017;"Europe";12;12;14
"Portugal";2017;"Europe";12;15;15
"Qatar";2017;"Middle East";2;4;4
"Romania";2017;"Europe";11;12;12
"Russia";2017;"Eurasia";3;2;7
"Rwanda";2017;"Africa";2;3;7
"Samoa";2017;"Asia";10;14;12
"San Marino";2017;"Europe";12;16;16
"Sao Tome and Principe";2017;"Africa";10;12;10
"Saudi Arabia";2017;"Middle East";0;2;2
"Senegal";2017;"Africa";10;10;11
"Serbia";2017;"Europe";10;10;13
"Seychelles";2017;"Africa";9;11;11
"Sierra Leone";2017;"Africa";7;9;10
"Singapore";2017;"Asia";4;7;12
"Slovakia";2017;"Europe";12;12;14
"Slovenia";2017;"Europe";12;14;13
"Solomon Islands";2017;"Asia";9;9;12
"Somalia";2017;"Africa";1;0;1
"Somaliland";2017;"Africa";5;7;6
"South Africa";2017;"Africa";11;9;10
"South Korea";2017;"Asia";11;13;13
"South Ossetia";2017;"Eurasia";1;1;3
"South Sudan";2017;"Africa";2;0;0
"Spain";2017;"Europe";11;15;15
"Sri Lanka";2017;"Asia";8;7;8
"St. Kitts and Nevis";2017;"Americas";12;13;13
"St. Lucia";2017;"Americas";12;12;14
"St. Vincent and the Grenadines";2017;"Americas";12;13;14
"Sudan";2017;"Africa";1;0;1
"Suriname";2017;"Americas";11;7;10
"Sweden";2017;"Europe";12;16;16
"Switzerland";2017;"Europe";12;15;15
"Syria";2017;"Middle East";0;0;0
"Taiwan";2017;"Asia";11;14;13
"Tajikistan";2017;"Eurasia";2;2;4
"Tanzania";2017;"Africa";6;9;9
"Thailand";2017;"Asia";4;5;10
"The Gambia";2017;"Africa";2;1;6
"Tibet";2017;"Asia";0;0;3
"Timor-Leste";2017;"Asia";8;7;9
"Togo";2017;"Africa";7;7;7
"Tonga";2017;"Asia";9;11;12
"Transnistria";2017;"Eurasia";2;2;5
"Trinidad and Tobago";2017;"Americas";11;9;13
"Tunisia";2017;"Africa";9;9;11
"Turkey";2017;"Europe";3;4;7
"Turkmenistan";2017;"Eurasia";0;0;3
"Tuvalu";2017;"Asia";12;15;14
"Uganda";2017;"Africa";4;4;7
"Ukraine";2017;"Eurasia";9;6;10
"United Arab Emirates";2017;"Middle East";2;3;4
"United Kingdom";2017;"Europe";12;14;15
"United States";2017;"Americas";10;12;15
"Uruguay";2017;"Americas";12;15;15
"Uzbekistan";2017;"Eurasia";0;0;3
"Vanuatu";2017;"Asia";11;11;11
"Venezuela";2017;"Americas";3;1;7
"Vietnam";2017;"Asia";1;4;8
"West Bank";2017;"Middle East";5;5;5
"Western Sahara";2017;"Africa";0;0;4
"Yemen";2017;"Middle East";3;2;2
"Zambia";2017;"Africa";7;8;8
"Zimbabwe";2017;"Africa";4;3;5
"Abkhazia";2016;"Eurasia";6;4;5
"Afghanistan";2016;"Asia";4;2;2
"Albania";2016;"Europe";9;9;9
"Algeria";2016;"Africa";5;5;7
"Andorra";2016;"Europe";11;15;15
"Angola";2016;"Africa";3;3;3
"Antigua and Barbuda";2016;"Americas";9;13;13
"Argentina";2016;"Americas";11;10;13
"Armenia";2016;"Eurasia";6;6;9
"Australia";2016;"Asia";12;15;15
"Austria";2016;"Europe";12;15;15
"Azerbaijan";2016;"Eurasia";1;2;5
"Bahamas";2016;"Americas";12;13;13
"Bahrain";2016;"Middle East";1;1;6
"Bangladesh";2016;"Asia";6;6;9
"Barbados";2016;"Americas";12;15;15
"Belarus";2016;"Eurasia";1;2;7
"Belgium";2016;"Europe";12;14;15
"Belize";2016;"Americas";11;12;13
"Benin";2016;"Africa";12;12;10
"Bhutan";2016;"Asia";4;6;8
"Bolivia";2016;"Americas";9;6;10
"Bosnia and Herzegovina";2016;"Europe";7;8;10
"Botswana";2016;"Africa";10;12;11
"Brazil";2016;"Americas";10;10;13
"Brunei";2016;"Asia";3;6;7
"Bulgaria";2016;"Europe";11;10;12
"Burkina Faso";2016;"Africa";8;8;8
"Burundi";2016;"Africa";2;1;5
"Cabo Verde";2016;"Africa";11;14;13
"Cambodia";2016;"Asia";3;3;6
"Cameroon";2016;"Africa";3;1;4
"Canada";2016;"Americas";12;15;16
"Central African Republic";2016;"Africa";1;0;1
"Chad";2016;"Africa";5;1;3
"Chile";2016;"Americas";12;14;15
"China";2016;"Asia";3;2;6
"Colombia";2016;"Americas";5;7;10
"Comoros";2016;"Africa";7;8;6
"Congo (Brazzaville)";2016;"Africa";6;2;7
"Congo (Kinshasa)";2016;"Africa";3;0;5
"Costa Rica";2016;"Americas";11;13;13
"Cote d'Ivoire";2016;"Africa";7;6;7
"Crimea";2016;"Eurasia";1;0;6
"Croatia";2016;"Europe";12;11;13
"Cuba";2016;"Americas";0;3;6
"Cyprus";2016;"Europe";12;15;14
"Czech Republic";2016;"Europe";12;14;15
"Denmark";2016;"Europe";12;15;15
"Djibouti";2016;"Africa";3;4;6
"Dominica";2016;"Americas";12;15;15
"Dominican Republic";2016;"Americas";10;8;9
"Ecuador";2016;"Americas";7;6;10
"Egypt";2016;"Africa";4;2;7
"El Salvador";2016;"Americas";8;8;8
"Equatorial Guinea";2016;"Africa";0;0;3
"Eritrea";2016;"Africa";0;0;2
"Estonia";2016;"Europe";12;14;14
"Eswatini";2016;"Africa";2;4;4
"Ethiopia";2016;"Africa";0;3;5
"Fiji";2016;"Asia";5;9;10
"Finland";2016;"Europe";12;16;16
"France";2016;"Europe";11;13;15
"Gabon";2016;"Africa";4;6;5
"Gaza Strip";2016;"Middle East";3;0;2
"Georgia";2016;"Eurasia";8;8;10
"Germany";2016;"Europe";12;14;15
"Ghana";2016;"Africa";11;11;10
"Greece";2016;"Europe";11;10;13
"Grenada";2016;"Americas";11;12;13
"Guatemala";2016;"Americas";6;5;8
"Guinea";2016;"Africa";5;4;5
"Guinea-Bissau";2016;"Africa";5;3;5
"Guyana";2016;"Americas";10;8;9
"Haiti";2016;"Americas";4;4;6
"Honduras";2016;"Americas";5;4;8
"Hong Kong";2016;"Asia";8;14;13
"Hungary";2016;"Europe";11;10;13
"Iceland";2016;"Europe";12;16;16
"India";2016;"Asia";10;9;10
"Indian Kashmir";2016;"Asia";6;6;8
"Indonesia";2016;"Asia";8;5;9
"Iran";2016;"Middle East";1;3;4
"Iraq";2016;"Middle East";6;0;4
"Ireland";2016;"Europe";12;14;15
"Israel";2016;"Middle East";10;11;11
"Italy";2016;"Europe";12;12;14
"Jamaica";2016;"Americas";9;7;10
"Japan";2016;"Asia";12;15;14
"Jordan";2016;"Middle East";4;6;8
"Kazakhstan";2016;"Eurasia";2;4;8
"Kenya";2016;"Africa";6;5;7
"Kiribati";2016;"Asia";12;15;13
"Kosovo";2016;"Europe";6;6;7
"Kuwait";2016;"Middle East";4;7;6
"Kyrgyzstan";2016;"Eurasia";4;4;7
"Laos";2016;"Asia";0;2;5
"Latvia";2016;"Europe";12;12;12
"Lebanon";2016;"Middle East";7;5;7
"Lesotho";2016;"Africa";7;9;9
"Liberia";2016;"Africa";8;7;8
"Libya";2016;"Africa";3;1;4
"Liechtenstein";2016;"Europe";12;15;16
"Lithuania";2016;"Europe";11;13;13
"Luxembourg";2016;"Europe";12;16;16
"Madagascar";2016;"Africa";8;6;8
"Malawi";2016;"Africa";8;9;7
"Malaysia";2016;"Asia";6;5;9
"Maldives";2016;"Asia";5;6;7
"Mali";2016;"Africa";6;6;4
"Malta";2016;"Europe";12;15;14
"Marshall Islands";2016;"Asia";11;15;13
"Mauritania";2016;"Africa";4;4;4
"Mauritius";2016;"Africa";12;13;12
"Mexico";2016;"Americas";8;6;10
"Micronesia";2016;"Asia";11;15;14
"Moldova";2016;"Eurasia";8;7;9
"Monaco";2016;"Europe";12;15;14
"Mongolia";2016;"Asia";11;12;12
"Montenegro";2016;"Europe";9;10;12
"Morocco";2016;"Africa";5;6;7
"Mozambique";2016;"Africa";7;7;9
"Myanmar";2016;"Asia";4;1;5
"Nagorno-Karabakh";2016;"Eurasia";3;4;5
"Namibia";2016;"Africa";12;11;10
"Nauru";2016;"Asia";10;12;14
"Nepal";2016;"Asia";5;5;7
"Netherlands";2016;"Europe";12;15;16
"New Zealand";2016;"Asia";12;15;15
"Nicaragua";2016;"Americas";6;7;10
"Niger";2016;"Africa";6;5;6
"Nigeria";2016;"Africa";7;4;5
"North Korea";2016;"Asia";0;0;3
"North Macedonia";2016;"Europe";8;7;10
"Northern Cyprus";2016;"Europe";9;12;12
"Norway";2016;"Europe";12;16;16
"Oman";2016;"Middle East";3;4;5
"Pakistan";2016;"Asia";6;4;6
"Pakistani Kashmir";2016;"Asia";4;3;6
"Palau";2016;"Asia";11;15;13
"Panama";2016;"Americas";11;10;12
"Papua New Guinea";2016;"Asia";9;7;8
"Paraguay";2016;"Americas";8;7;10
"Peru";2016;"Americas";8;8;10
"Philippines";2016;"Asia";9;5;10
"Poland";2016;"Europe";12;13;14
"Portugal";2016;"Europe";12;15;15
"Puerto Rico";2016;"Americas";11;12;14
"Qatar";2016;"Middle East";2;4;4
"Romania";2016;"Europe";11;12;12
"Russia";2016;"Eurasia";3;2;7
"Rwanda";2016;"Africa";2;3;7
"Samoa";2016;"Asia";10;13;12
"San Marino";2016;"Europe";12;16;16
"Sao Tome and Principe";2016;"Africa";10;12;10
"Saudi Arabia";2016;"Middle East";0;2;2
"Senegal";2016;"Africa";10;10;10
"Serbia";2016;"Europe";11;10;13
"Seychelles";2016;"Africa";9;11;11
"Sierra Leone";2016;"Africa";7;9;9
"Singapore";2016;"Asia";4;7;12
"Slovakia";2016;"Europe";12;12;14
"Slovenia";2016;"Europe";12;14;13
"Solomon Islands";2016;"Asia";9;8;12
"Somalia";2016;"Africa";0;0;1
"Somaliland";2016;"Africa";5;7;6
"South Africa";2016;"Africa";12;9;10
"South Korea";2016;"Asia";11;13;13
"South Ossetia";2016;"Eurasia";1;1;3
"South Sudan";2016;"Africa";3;1;4
"Spain";2016;"Europe";11;15;15
"Sri Lanka";2016;"Asia";8;7;8
"St. Kitts and Nevis";2016;"Americas";12;13;13
"St. Lucia";2016;"Americas";12;12;14
"St. Vincent and the Grenadines";2016;"Americas";12;13;14
"Sudan";2016;"Africa";1;0;1
"Suriname";2016;"Americas";11;7;10
"Sweden";2016;"Europe";12;16;16
"Switzerland";2016;"Europe";12;15;15
"Syria";2016;"Middle East";0;0;0
"Taiwan";2016;"Asia";11;14;13
"Tajikistan";2016;"Eurasia";3;3;4
"Tanzania";2016;"Africa";6;9;9
"Thailand";2016;"Asia";4;5;10
"The Gambia";2016;"Africa";3;1;6
"Tibet";2016;"Asia";0;0;3
"Timor-Leste";2016;"Asia";8;7;9
"Togo";2016;"Africa";7;7;7
"Tonga";2016;"Asia";8;11;12
"Transnistria";2016;"Eurasia";2;2;5
"Trinidad and Tobago";2016;"Americas";11;9;13
"Tunisia";2016;"Africa";9;9;11
"Turkey";2016;"Europe";6;6;9
"Turkmenistan";2016;"Eurasia";0;0;3
"Tuvalu";2016;"Asia";12;15;14
"Uganda";2016;"Africa";4;5;7
"Ukraine";2016;"Eurasia";9;6;10
"United Arab Emirates";2016;"Middle East";2;3;4
"United Kingdom";2016;"Europe";12;15;15
"United States";2016;"Americas";11;13;15
"Uruguay";2016;"Americas";12;15;15
"Uzbekistan";2016;"Eurasia";0;0;3
"Vanuatu";2016;"Asia";11;10;11
"Venezuela";2016;"Americas";3;1;8
"Vietnam";2016;"Asia";1;4;8
"West Bank";2016;"Middle East";5;5;5
"Western Sahara";2016;"Africa";0;0;4
"Yemen";2016;"Middle East";3;2;3
"Zambia";2016;"Africa";7;8;8
"Zimbabwe";2016;"Africa";4;3;5
"Abkhazia";2015;"Eurasia";6;4;5
"Afghanistan";2015;"Asia";4;2;2
"Albania";2015;"Europe";9;9;9
"Algeria";2015;"Africa";4;5;7
"Andorra";2015;"Europe";11;15;15
"Angola";2015;"Africa";4;4;3
"Antigua and Barbuda";2015;"Americas";9;13;13
"Argentina";2015;"Americas";11;11;13
"Armenia";2015;"Eurasia";6;6;9
"Australia";2015;"Asia";12;15;15
"Austria";2015;"Europe";12;15;15
"Azerbaijan";2015;"Eurasia";1;3;6
"Bahamas";2015;"Americas";12;15;15
"Bahrain";2015;"Middle East";1;1;6
"Bangladesh";2015;"Asia";6;6;9
"Barbados";2015;"Americas";12;16;15
"Belarus";2015;"Eurasia";1;1;5
"Belgium";2015;"Europe";12;15;15
"Belize";2015;"Americas";11;12;13
"Benin";2015;"Africa";12;12;10
"Bhutan";2015;"Asia";4;6;8
"Bolivia";2015;"Americas";9;6;10
"Bosnia and Herzegovina";2015;"Europe";7;10;10
"Botswana";2015;"Africa";10;12;11
"Brazil";2015;"Americas";10;10;13
"Brunei";2015;"Asia";3;6;8
"Bulgaria";2015;"Europe";11;10;11
"Burkina Faso";2015;"Africa";8;7;8
"Burundi";2015;"Africa";3;4;6
"Cabo Verde";2015;"Africa";11;14;13
"Cambodia";2015;"Asia";3;2;6
"Cameroon";2015;"Africa";3;2;4
"Canada";2015;"Americas";12;15;16
"Central African Republic";2015;"Africa";1;0;1
"Chad";2015;"Africa";4;2;3
"Chile";2015;"Americas";11;14;15
"China";2015;"Asia";3;2;6
"Colombia";2015;"Americas";5;7;10
"Comoros";2015;"Africa";6;8;6
"Congo (Brazzaville)";2015;"Africa";6;2;7
"Congo (Kinshasa)";2015;"Africa";3;0;5
"Costa Rica";2015;"Americas";11;13;13
"Cote d'Ivoire";2015;"Africa";7;6;6
"Crimea";2015;"Eurasia";1;0;7
"Croatia";2015;"Europe";12;11;13
"Cuba";2015;"Americas";0;3;6
"Cyprus";2015;"Europe";12;15;14
"Czech Republic";2015;"Europe";12;14;15
"Denmark";2015;"Europe";12;15;15
"Djibouti";2015;"Africa";3;4;6
"Dominica";2015;"Americas";12;15;15
"Dominican Republic";2015;"Americas";10;8;10
"Ecuador";2015;"Americas";7;6;10
"Egypt";2015;"Africa";4;2;7
"El Salvador";2015;"Americas";8;8;9
"Equatorial Guinea";2015;"Africa";0;0;3
"Eritrea";2015;"Africa";0;0;2
"Estonia";2015;"Europe";12;14;14
"Eswatini";2015;"Africa";2;5;4
"Ethiopia";2015;"Africa";0;3;5
"Fiji";2015;"Asia";4;9;10
"Finland";2015;"Europe";12;16;16
"France";2015;"Europe";12;15;15
"Gabon";2015;"Africa";4;6;5
"Gaza Strip";2015;"Middle East";3;0;2
"Georgia";2015;"Eurasia";8;8;10
"Germany";2015;"Europe";12;15;15
"Ghana";2015;"Africa";11;12;10
"Greece";2015;"Europe";11;10;13
"Grenada";2015;"Americas";11;12;13
"Guatemala";2015;"Americas";6;5;8
"Guinea";2015;"Africa";6;4;5
"Guinea-Bissau";2015;"Africa";5;3;5
"Guyana";2015;"Americas";10;7;9
"Haiti";2015;"Americas";4;4;6
"Honduras";2015;"Americas";6;5;8
"Hong Kong";2015;"Asia";8;15;13
"Hungary";2015;"Europe";11;11;14
"Iceland";2015;"Europe";12;16;16
"India";2015;"Asia";11;9;10
"Indian Kashmir";2015;"Asia";6;6;8
"Indonesia";2015;"Asia";8;5;9
"Iran";2015;"Middle East";1;3;4
"Iraq";2015;"Middle East";4;0;4
"Ireland";2015;"Europe";12;15;15
"Israel";2015;"Middle East";10;11;11
"Italy";2015;"Europe";12;12;14
"Jamaica";2015;"Americas";9;6;10
"Japan";2015;"Asia";11;15;14
"Jordan";2015;"Middle East";4;6;8
"Kazakhstan";2015;"Eurasia";2;4;8
"Kenya";2015;"Africa";6;5;7
"Kiribati";2015;"Asia";12;15;13
"Kosovo";2015;"Europe";6;6;8
"Kuwait";2015;"Middle East";4;7;6
"Kyrgyzstan";2015;"Eurasia";4;4;7
"Laos";2015;"Asia";0;2;5
"Latvia";2015;"Europe";12;12;12
"Lebanon";2015;"Middle East";7;5;7
"Lesotho";2015;"Africa";7;11;9
"Liberia";2015;"Africa";7;6;7
"Libya";2015;"Africa";3;1;5
"Liechtenstein";2015;"Europe";12;15;16
"Lithuania";2015;"Europe";11;13;13
"Luxembourg";2015;"Europe";12;16;16
"Madagascar";2015;"Africa";8;6;7
"Malawi";2015;"Africa";7;9;7
"Malaysia";2015;"Asia";6;5;9
"Maldives";2015;"Asia";7;7;8
"Mali";2015;"Africa";6;6;4
"Malta";2015;"Europe";12;15;15
"Marshall Islands";2015;"Asia";11;15;13
"Mauritania";2015;"Africa";4;4;4
"Mauritius";2015;"Africa";12;13;12
"Mexico";2015;"Americas";8;6;10
"Micronesia";2015;"Asia";11;15;14
"Moldova";2015;"Eurasia";8;7;9
"Monaco";2015;"Europe";12;15;14
"Mongolia";2015;"Asia";11;12;12
"Montenegro";2015;"Europe";10;10;12
"Morocco";2015;"Africa";6;6;7
"Mozambique";2015;"Africa";7;7;9
"Myanmar";2015;"Asia";4;1;5
"Nagorno-Karabakh";2015;"Eurasia";3;4;5
"Namibia";2015;"Africa";12;11;9
"Nauru";2015;"Asia";11;12;14
"Nepal";2015;"Asia";6;5;7
"Netherlands";2015;"Europe";12;15;16
"New Zealand";2015;"Asia";12;15;15
"Nicaragua";2015;"Americas";6;7;10
"Niger";2015;"Africa";8;5;6
"Nigeria";2015;"Africa";7;4;5
"North Korea";2015;"Asia";0;0;3
"North Macedonia";2015;"Europe";8;8;10
"Northern Cyprus";2015;"Europe";9;12;12
"Norway";2015;"Europe";12;16;16
"Oman";2015;"Middle East";3;4;5
"Pakistan";2015;"Asia";7;4;6
"Pakistani Kashmir";2015;"Asia";4;4;6
"Palau";2015;"Asia";11;15;13
"Panama";2015;"Americas";11;9;12
"Papua New Guinea";2015;"Asia";9;7;8
"Paraguay";2015;"Americas";8;7;11
"Peru";2015;"Americas";8;8;10
"Philippines";2015;"Asia";8;5;10
"Poland";2015;"Europe";12;13;14
"Portugal";2015;"Europe";12;15;15
"Puerto Rico";2015;"Americas";10;12;14
"Qatar";2015;"Middle East";2;4;4
"Romania";2015;"Europe";11;12;12
"Russia";2015;"Eurasia";4;2;6
"Rwanda";2015;"Africa";2;3;7
"Samoa";2015;"Asia";10;13;12
"San Marino";2015;"Europe";12;16;16
"Sao Tome and Principe";2015;"Africa";10;12;10
"Saudi Arabia";2015;"Middle East";0;2;2
"Senegal";2015;"Africa";10;10;10
"Serbia";2015;"Europe";11;10;13
"Seychelles";2015;"Africa";9;11;11
"Sierra Leone";2015;"Africa";7;9;9
"Singapore";2015;"Asia";4;7;12
"Slovakia";2015;"Europe";12;12;14
"Slovenia";2015;"Europe";12;14;13
"Solomon Islands";2015;"Asia";9;8;12
"Somalia";2015;"Africa";0;0;1
"Somaliland";2015;"Africa";5;7;6
"South Africa";2015;"Africa";12;10;11
"South Korea";2015;"Asia";11;13;13
"South Ossetia";2015;"Eurasia";1;1;3
"South Sudan";2015;"Africa";3;1;5
"Spain";2015;"Europe";12;15;15
"Sri Lanka";2015;"Asia";6;5;8
"St. Kitts and Nevis";2015;"Americas";12;13;13
"St. Lucia";2015;"Americas";12;12;14
"St. Vincent and the Grenadines";2015;"Americas";12;13;14
"Sudan";2015;"Africa";1;0;1
"Suriname";2015;"Americas";11;8;10
"Sweden";2015;"Europe";12;16;16
"Switzerland";2015;"Europe";12;15;15
"Syria";2015;"Middle East";0;0;0
"Taiwan";2015;"Asia";10;14;13
"Tajikistan";2015;"Eurasia";3;3;4
"Tanzania";2015;"Africa";7;9;9
"Thailand";2015;"Asia";4;5;10
"The Gambia";2015;"Africa";3;1;6
"Tibet";2015;"Asia";0;0;3
"Timor-Leste";2015;"Asia";8;7;9
"Togo";2015;"Africa";6;7;7
"Tonga";2015;"Asia";8;11;12
"Transnistria";2015;"Eurasia";2;2;5
"Trinidad and Tobago";2015;"Americas";11;9;13
"Tunisia";2015;"Africa";10;9;11
"Turkey";2015;"Europe";5;7;9
"Turkmenistan";2015;"Eurasia";0;0;3
"Tuvalu";2015;"Asia";12;15;14
"Uganda";2015;"Africa";4;5;7
"Ukraine";2015;"Eurasia";9;6;11
"United Arab Emirates";2015;"Middle East";2;3;4
"United Kingdom";2015;"Europe";12;15;15
"United States";2015;"Americas";11;14;15
"Uruguay";2015;"Americas";12;15;15
"Uzbekistan";2015;"Eurasia";0;0;3
"Vanuatu";2015;"Asia";11;10;11
"Venezuela";2015;"Americas";3;3;8
"Vietnam";2015;"Asia";1;4;8
"West Bank";2015;"Middle East";6;5;5
"Western Sahara";2015;"Africa";0;0;4
"Yemen";2015;"Middle East";3;2;5
"Zambia";2015;"Africa";7;8;8
"Zimbabwe";2015;"Africa";3;2;5
"Abkhazia";2014;"Eurasia";5;4;5
"Afghanistan";2014;"Asia";4;2;3
"Albania";2014;"Europe";9;9;9
"Algeria";2014;"Africa";5;5;7
"Andorra";2014;"Europe";11;15;15
"Angola";2014;"Africa";4;4;3
"Antigua and Barbuda";2014;"Americas";9;13;13
"Argentina";2014;"Americas";11;11;13
"Armenia";2014;"Eurasia";6;6;9
"Australia";2014;"Asia";12;15;15
"Austria";2014;"Europe";12;15;15
"Azerbaijan";2014;"Eurasia";2;4;6
"Bahamas";2014;"Americas";12;15;15
"Bahrain";2014;"Middle East";1;1;6
"Bangladesh";2014;"Asia";6;6;9
"Barbados";2014;"Americas";12;16;15
"Belarus";2014;"Eurasia";1;1;5
"Belgium";2014;"Europe";12;15;15
"Belize";2014;"Americas";11;12;13
"Benin";2014;"Africa";11;12;10
"Bhutan";2014;"Asia";4;6;8
"Bolivia";2014;"Americas";9;6;9
"Bosnia and Herzegovina";2014;"Europe";7;10;10
"Botswana";2014;"Africa";10;12;11
"Brazil";2014;"Americas";10;10;13
"Brunei";2014;"Asia";3;6;8
"Bulgaria";2014;"Europe";11;11;11
"Burkina Faso";2014;"Africa";8;7;8
"Burundi";2014;"Africa";4;4;6
"Cabo Verde";2014;"Africa";11;14;13
"Cambodia";2014;"Asia";3;2;6
"Cameroon";2014;"Africa";3;2;4
"Canada";2014;"Americas";12;15;16
"Central African Republic";2014;"Africa";1;0;1
"Chad";2014;"Africa";4;2;3
"Chile";2014;"Americas";11;14;15
"China";2014;"Asia";3;2;6
"Colombia";2014;"Americas";5;7;10
"Comoros";2014;"Africa";6;8;6
"Congo (Brazzaville)";2014;"Africa";6;2;7
"Congo (Kinshasa)";2014;"Africa";3;0;1
"Costa Rica";2014;"Americas";11;13;13
"Cote d'Ivoire";2014;"Africa";7;5;6
"Croatia";2014;"Europe";12;11;13
"Cuba";2014;"Americas";0;2;6
"Cyprus";2014;"Europe";11;15;14
"Czech Republic";2014;"Europe";12;14;15
"Denmark";2014;"Europe";12;15;15
"Djibouti";2014;"Africa";3;4;6
"Dominica";2014;"Americas";12;15;15
"Dominican Republic";2014;"Americas";10;8;10
"Ecuador";2014;"Americas";7;6;10
"Egypt";2014;"Africa";4;4;8
"El Salvador";2014;"Americas";8;9;10
"Equatorial Guinea";2014;"Africa";0;0;3
"Eritrea";2014;"Africa";0;0;2
"Estonia";2014;"Europe";12;14;14
"Eswatini";2014;"Africa";2;5;4
"Ethiopia";2014;"Africa";0;3;5
"Fiji";2014;"Asia";3;6;10
"Finland";2014;"Europe";12;16;16
"France";2014;"Europe";12;15;15
"Gabon";2014;"Africa";4;6;5
"Gaza Strip";2014;"Middle East";3;0;3
"Georgia";2014;"Eurasia";8;8;10
"Germany";2014;"Europe";12;15;15
"Ghana";2014;"Africa";11;12;10
"Greece";2014;"Europe";11;10;13
"Grenada";2014;"Americas";11;12;13
"Guatemala";2014;"Americas";6;6;8
"Guinea";2014;"Africa";6;4;5
"Guinea-Bissau";2014;"Africa";5;3;5
"Guyana";2014;"Americas";10;7;9
"Haiti";2014;"Americas";5;4;6
"Honduras";2014;"Americas";6;5;9
"Hong Kong";2014;"Asia";9;15;13
"Hungary";2014;"Europe";12;11;14
"Iceland";2014;"Europe";12;16;16
"India";2014;"Asia";11;9;10
"Indian Kashmir";2014;"Asia";6;6;8
"Indonesia";2014;"Asia";8;5;9
"Iran";2014;"Middle East";1;3;4
"Iraq";2014;"Middle East";4;0;4
"Ireland";2014;"Europe";12;15;15
"Israel";2014;"Middle East";11;11;11
"Italy";2014;"Europe";12;12;14
"Jamaica";2014;"Americas";9;6;10
"Japan";2014;"Asia";11;15;13
"Jordan";2014;"Middle East";3;6;8
"Kazakhstan";2014;"Eurasia";3;4;8
"Kenya";2014;"Africa";7;6;7
"Kiribati";2014;"Asia";12;15;13
"Kosovo";2014;"Europe";6;5;7
"Kuwait";2014;"Middle East";4;7;6
"Kyrgyzstan";2014;"Eurasia";5;4;7
"Laos";2014;"Asia";0;2;5
"Latvia";2014;"Europe";12;12;12
"Lebanon";2014;"Middle East";7;5;9
"Lesotho";2014;"Africa";7;11;9
"Liberia";2014;"Africa";8;7;8
"Libya";2014;"Africa";5;1;6
"Liechtenstein";2014;"Europe";12;15;16
"Lithuania";2014;"Europe";11;13;13
"Luxembourg";2014;"Europe";12;16;16
"Madagascar";2014;"Africa";7;5;7
"Malawi";2014;"Africa";7;9;7
"Malaysia";2014;"Asia";6;5;9
"Maldives";2014;"Asia";7;7;8
"Mali";2014;"Africa";6;6;4
"Malta";2014;"Europe";12;15;15
"Marshall Islands";2014;"Asia";11;15;13
"Mauritania";2014;"Africa";4;4;5
"Mauritius";2014;"Africa";12;13;12
"Mexico";2014;"Americas";8;6;10
"Micronesia";2014;"Asia";11;15;14
"Moldova";2014;"Eurasia";8;7;9
"Monaco";2014;"Europe";12;15;14
"Mongolia";2014;"Asia";11;12;12
"Montenegro";2014;"Europe";10;10;12
"Morocco";2014;"Africa";6;6;7
"Mozambique";2014;"Africa";7;7;9
"Myanmar";2014;"Asia";4;1;5
"Nagorno-Karabakh";2014;"Eurasia";3;5;5
"Namibia";2014;"Africa";12;11;9
"Nauru";2014;"Asia";11;14;14
"Nepal";2014;"Asia";6;5;7
"Netherlands";2014;"Europe";12;15;16
"New Zealand";2014;"Asia";12;15;15
"Nicaragua";2014;"Americas";6;7;10
"Niger";2014;"Africa";8;5;6
"Nigeria";2014;"Africa";7;4;6
"North Korea";2014;"Asia";0;0;3
"North Macedonia";2014;"Europe";8;8;11
"Northern Cyprus";2014;"Europe";9;12;12
"Norway";2014;"Europe";12;16;16
"Oman";2014;"Middle East";3;4;5
"Pakistan";2014;"Asia";6;4;6
"Pakistani Kashmir";2014;"Asia";5;4;6
"Palau";2014;"Asia";11;15;13
"Panama";2014;"Americas";11;9;12
"Papua New Guinea";2014;"Asia";9;7;8
"Paraguay";2014;"Americas";8;5;10
"Peru";2014;"Americas";8;8;10
"Philippines";2014;"Asia";8;5;10
"Poland";2014;"Europe";12;13;14
"Portugal";2014;"Europe";12;15;15
"Puerto Rico";2014;"Americas";10;12;14
"Qatar";2014;"Middle East";2;4;4
"Romania";2014;"Europe";11;12;12
"Russia";2014;"Eurasia";4;2;7
"Rwanda";2014;"Africa";2;3;7
"Samoa";2014;"Asia";10;13;12
"San Marino";2014;"Europe";12;16;16
"Sao Tome and Principe";2014;"Africa";10;12;10
"Saudi Arabia";2014;"Middle East";0;2;2
"Senegal";2014;"Africa";11;10;10
"Serbia";2014;"Europe";10;10;13
"Seychelles";2014;"Africa";9;11;11
"Sierra Leone";2014;"Africa";7;9;10
"Singapore";2014;"Asia";4;7;12
"Slovakia";2014;"Europe";12;12;14
"Slovenia";2014;"Europe";12;14;13
"Solomon Islands";2014;"Asia";9;8;12
"Somalia";2014;"Africa";0;0;1
"Somaliland";2014;"Africa";5;7;6
"South Africa";2014;"Africa";12;10;11
"South Korea";2014;"Asia";11;13;12
"South Ossetia";2014;"Eurasia";0;1;3
"South Sudan";2014;"Africa";3;1;5
"Spain";2014;"Europe";12;15;15
"Sri Lanka";2014;"Asia";6;5;8
"St. Kitts and Nevis";2014;"Americas";12;13;13
"St. Lucia";2014;"Americas";12;12;14
"St. Vincent and the Grenadines";2014;"Americas";12;12;14
"Sudan";2014;"Africa";1;0;1
"Suriname";2014;"Americas";11;8;10
"Sweden";2014;"Europe";12;15;16
"Switzerland";2014;"Europe";12;15;15
"Syria";2014;"Middle East";0;0;2
"Taiwan";2014;"Asia";11;14;13
"Tajikistan";2014;"Eurasia";4;3;4
"Tanzania";2014;"Africa";7;9;9
"Thailand";2014;"Asia";6;6;10
"The Gambia";2014;"Africa";3;1;6
"Tibet";2014;"Asia";0;0;3
"Timor-Leste";2014;"Asia";7;6;9
"Togo";2014;"Africa";6;7;7
"Tonga";2014;"Asia";8;11;12
"Transnistria";2014;"Eurasia";2;2;5
"Trinidad and Tobago";2014;"Americas";11;9;13
"Tunisia";2014;"Africa";9;6;10
"Turkey";2014;"Europe";6;8;9
"Turkmenistan";2014;"Eurasia";0;1;3
"Tuvalu";2014;"Asia";12;15;14
"Uganda";2014;"Africa";4;5;7
"Ukraine";2014;"Eurasia";8;7;11
"United Arab Emirates";2014;"Middle East";2;3;4
"United Kingdom";2014;"Europe";12;15;15
"United States";2014;"Americas";11;14;15
"Uruguay";2014;"Americas";12;15;15
"Uzbekistan";2014;"Eurasia";0;0;3
"Vanuatu";2014;"Asia";11;10;11
"Venezuela";2014;"Americas";4;4;8
"Vietnam";2014;"Asia";1;4;8
"West Bank";2014;"Middle East";6;5;5
"Western Sahara";2014;"Africa";0;0;4
"Yemen";2014;"Middle East";3;2;5
"Zambia";2014;"Africa";7;8;8
"Zimbabwe";2014;"Africa";3;2;5
"Abkhazia";2013;"Eurasia";5;4;5
"Afghanistan";2013;"Asia";5;2;3
"Albania";2013;"Europe";8;9;9
"Algeria";2013;"Africa";5;5;7
"Andorra";2013;"Europe";11;15;15
"Angola";2013;"Africa";4;4;3
"Antigua and Barbuda";2013;"Americas";9;13;13
"Argentina";2013;"Americas";11;11;13
"Armenia";2013;"Eurasia";6;6;9
"Australia";2013;"Asia";12;15;15
"Austria";2013;"Europe";12;15;15
"Azerbaijan";2013;"Eurasia";2;4;7
"Bahamas";2013;"Americas";12;15;15
"Bahrain";2013;"Middle East";2;1;6
"Bangladesh";2013;"Asia";7;6;9
"Barbados";2013;"Americas";12;16;15
"Belarus";2013;"Eurasia";1;1;5
"Belgium";2013;"Europe";12;15;15
"Belize";2013;"Americas";11;12;13
"Benin";2013;"Africa";12;13;10
"Bhutan";2013;"Asia";3;5;8
"Bolivia";2013;"Americas";10;7;9
"Bosnia and Herzegovina";2013;"Europe";7;10;10
"Botswana";2013;"Africa";10;12;11
"Brazil";2013;"Americas";10;10;13
"Brunei";2013;"Asia";3;6;8
"Bulgaria";2013;"Europe";11;11;11
"Burkina Faso";2013;"Africa";8;7;8
"Burundi";2013;"Africa";4;4;6
"Cabo Verde";2013;"Africa";11;14;13
"Cambodia";2013;"Asia";3;2;6
"Cameroon";2013;"Africa";3;2;4
"Canada";2013;"Americas";11;15;16
"Central African Republic";2013;"Africa";4;3;4
"Chad";2013;"Africa";4;2;3
"Chile";2013;"Americas";11;15;15
"China";2013;"Asia";3;2;6
"Colombia";2013;"Americas";5;7;10
"Comoros";2013;"Africa";6;8;6
"Congo (Brazzaville)";2013;"Africa";6;2;6
"Congo (Kinshasa)";2013;"Africa";3;0;1
"Costa Rica";2013;"Americas";11;13;13
"Cote d'Ivoire";2013;"Africa";5;4;4
"Croatia";2013;"Europe";12;11;13
"Cuba";2013;"Americas";0;2;6
"Cyprus";2013;"Europe";11;15;14
"Czech Republic";2013;"Europe";12;14;15
"Denmark";2013;"Europe";12;15;15
"Djibouti";2013;"Africa";3;4;6
"Dominica";2013;"Americas";12;15;15
"Dominican Republic";2013;"Americas";10;8;11
"Ecuador";2013;"Americas";7;6;10
"Egypt";2013;"Africa";5;4;8
"El Salvador";2013;"Americas";8;9;10
"Equatorial Guinea";2013;"Africa";0;0;3
"Eritrea";2013;"Africa";0;0;2
"Estonia";2013;"Europe";12;14;14
"Eswatini";2013;"Africa";3;5;4
"Ethiopia";2013;"Africa";0;3;5
"Fiji";2013;"Asia";3;6;10
"Finland";2013;"Europe";12;16;16
"France";2013;"Europe";12;15;15
"Gabon";2013;"Africa";4;6;5
"Gaza Strip";2013;"Middle East";3;0;3
"Georgia";2013;"Eurasia";7;7;10
"Germany";2013;"Europe";12;15;15
"Ghana";2013;"Africa";11;12;10
"Greece";2013;"Europe";11;10;13
"Grenada";2013;"Americas";11;12;13
"Guatemala";2013;"Americas";7;6;8
"Guinea";2013;"Africa";6;4;5
"Guinea-Bissau";2013;"Africa";5;3;5
"Guyana";2013;"Americas";9;7;9
"Haiti";2013;"Americas";5;4;5
"Honduras";2013;"Americas";6;7;9
"Hong Kong";2013;"Asia";9;15;13
"Hungary";2013;"Europe";12;11;14
"Iceland";2013;"Europe";12;16;16
"India";2013;"Asia";11;8;10
"Indian Kashmir";2013;"Asia";6;6;8
"Indonesia";2013;"Asia";9;5;9
"Iran";2013;"Middle East";1;3;4
"Iraq";2013;"Middle East";4;0;4
"Ireland";2013;"Europe";12;15;15
"Israel";2013;"Middle East";11;11;11
"Italy";2013;"Europe";12;12;14
"Jamaica";2013;"Americas";9;6;10
"Japan";2013;"Asia";10;15;13
"Jordan";2013;"Middle East";3;6;8
"Kazakhstan";2013;"Eurasia";3;4;8
"Kenya";2013;"Africa";8;6;7
"Kiribati";2013;"Asia";12;15;13
"Kosovo";2013;"Europe";6;5;7
"Kuwait";2013;"Middle East";4;7;6
"Kyrgyzstan";2013;"Eurasia";5;4;7
"Laos";2013;"Asia";0;2;5
"Latvia";2013;"Europe";12;12;12
"Lebanon";2013;"Middle East";7;5;9
"Lesotho";2013;"Africa";7;11;9
"Liberia";2013;"Africa";8;7;8
"Libya";2013;"Africa";6;1;6
"Liechtenstein";2013;"Europe";12;15;16
"Lithuania";2013;"Europe";11;13;13
"Luxembourg";2013;"Europe";12;16;16
"Madagascar";2013;"Africa";7;5;7
"Malawi";2013;"Africa";7;9;7
"Malaysia";2013;"Asia";5;5;9
"Maldives";2013;"Asia";7;7;8
"Mali";2013;"Africa";4;3;4
"Malta";2013;"Europe";12;15;15
"Marshall Islands";2013;"Asia";11;15;13
"Mauritania";2013;"Africa";4;4;5
"Mauritius";2013;"Africa";12;13;12
"Mexico";2013;"Americas";8;6;10
"Micronesia";2013;"Asia";11;15;14
"Moldova";2013;"Eurasia";8;8;9
"Monaco";2013;"Europe";12;15;14
"Mongolia";2013;"Asia";11;12;12
"Montenegro";2013;"Europe";10;10;12
"Morocco";2013;"Africa";6;6;7
"Mozambique";2013;"Africa";7;8;9
"Myanmar";2013;"Asia";4;1;5
"Nagorno-Karabakh";2013;"Eurasia";3;5;5
"Namibia";2013;"Africa";12;11;9
"Nauru";2013;"Asia";11;15;14
"Nepal";2013;"Asia";6;5;7
"Netherlands";2013;"Europe";12;15;16
"New Zealand";2013;"Asia";12;15;15
"Nicaragua";2013;"Americas";6;7;9
"Niger";2013;"Africa";8;5;6
"Nigeria";2013;"Africa";7;4;6
"North Korea";2013;"Asia";0;0;3
"North Macedonia";2013;"Europe";8;8;11
"Northern Cyprus";2013;"Europe";9;12;12
"Norway";2013;"Europe";12;16;16
"Oman";2013;"Middle East";3;4;5
"Pakistan";2013;"Asia";7;4;6
"Pakistani Kashmir";2013;"Asia";5;4;6
"Palau";2013;"Asia";11;15;13
"Panama";2013;"Americas";10;9;12
"Papua New Guinea";2013;"Asia";9;7;8
"Paraguay";2013;"Americas";8;6;10
"Peru";2013;"Americas";8;8;10
"Philippines";2013;"Asia";8;5;10
"Poland";2013;"Europe";12;13;14
"Portugal";2013;"Europe";12;15;15
"Puerto Rico";2013;"Americas";10;12;14
"Qatar";2013;"Middle East";2;4;4
"Romania";2013;"Europe";11;12;12
"Russia";2013;"Eurasia";4;3;7
"Rwanda";2013;"Africa";2;3;7
"Samoa";2013;"Asia";10;13;12
"San Marino";2013;"Europe";12;16;16
"Sao Tome and Principe";2013;"Africa";10;12;10
"Saudi Arabia";2013;"Middle East";0;2;2
"Senegal";2013;"Africa";10;10;9
"Serbia";2013;"Europe";10;10;13
"Seychelles";2013;"Africa";9;11;11
"Sierra Leone";2013;"Africa";8;9;10
"Singapore";2013;"Asia";4;7;12
"Slovakia";2013;"Europe";12;13;14
"Slovenia";2013;"Europe";12;14;13
"Solomon Islands";2013;"Asia";9;8;12
"Somalia";2013;"Africa";0;0;1
"Somaliland";2013;"Africa";5;7;6
"South Africa";2013;"Africa";11;10;11
"South Korea";2013;"Asia";11;13;12
"South Ossetia";2013;"Eurasia";0;1;3
"South Sudan";2013;"Africa";4;3;5
"Spain";2013;"Europe";12;14;15
"Sri Lanka";2013;"Asia";6;5;8
"St. Kitts and Nevis";2013;"Americas";12;12;14
"St. Lucia";2013;"Americas";12;12;14
"St. Vincent and the Grenadines";2013;"Americas";11;13;14
"Sudan";2013;"Africa";1;0;1
"Suriname";2013;"Americas";11;8;10
"Sweden";2013;"Europe";12;16;16
"Switzerland";2013;"Europe";12;15;15
"Syria";2013;"Middle East";0;0;4
"Taiwan";2013;"Asia";11;14;13
"Tajikistan";2013;"Eurasia";4;3;4
"Tanzania";2013;"Africa";7;11;9
"Thailand";2013;"Asia";6;6;10
"The Gambia";2013;"Africa";4;1;6
"Tibet";2013;"Asia";0;0;3
"Timor-Leste";2013;"Asia";7;6;9
"Togo";2013;"Africa";6;6;7
"Tonga";2013;"Asia";8;11;12
"Transnistria";2013;"Eurasia";2;2;5
"Trinidad and Tobago";2013;"Americas";11;9;13
"Tunisia";2013;"Africa";8;6;9
"Turkey";2013;"Europe";7;7;10
"Turkmenistan";2013;"Eurasia";0;1;3
"Tuvalu";2013;"Asia";12;15;14
"Uganda";2013;"Africa";4;6;7
"Ukraine";2013;"Eurasia";8;7;11
"United Arab Emirates";2013;"Middle East";2;4;4
"United Kingdom";2013;"Europe";12;15;15
"United States";2013;"Americas";11;14;15
"Uruguay";2013;"Americas";12;15;15
"Uzbekistan";2013;"Eurasia";0;0;3
"Vanuatu";2013;"Asia";11;10;11
"Venezuela";2013;"Americas";4;4;7
"Vietnam";2013;"Asia";1;4;8
"West Bank";2013;"Middle East";6;5;5
"Western Sahara";2013;"Africa";0;0;4
"Yemen";2013;"Middle East";3;2;5
"Zambia";2013;"Africa";7;8;8
"Zimbabwe";2013;"Africa";3;1;4
