"Country";"Edition";"CL";"Status"
"Abkhazia";2022;23;"PF"
"Afghanistan";2022;9;"NF"
"Albania";2022;39;"PF"
"Algeria";2022;22;"NF"
"Andorra";2022;55;"F"
"Angola";2022;20;"NF"
"Antigua and Barbuda";2022;52;"F"
"Argentina";2022;49;"F"
"Armenia";2022;32;"PF"
"Australia";2022;56;"F"
"Austria";2022;56;"F"
"Azerbaijan";2022;7;"NF"
"Bahamas";2022;53;"F"
"Bahrain";2022;10;"NF"
"Bangladesh";2022;24;"PF"
"Barbados";2022;57;"F"
"Belarus";2022;6;"NF"
"Belgium";2022;57;"F"
"Belize";2022;53;"F"
"Benin";2022;42;"PF"
"Bhutan";2022;32;"PF"
"Bolivia";2022;39;"PF"
"Bosnia and Herzegovina";2022;34;"PF"
"Botswana";2022;44;"F"
"Brazil";2022;42;"F"
"Brunei";2022;21;"NF"
"Bulgaria";2022;46;"F"
"Burkina Faso";2022;30;"PF"
"Burundi";2022;10;"NF"
"Cabo Verde";2022;54;"F"
"Cambodia";2022;19;"NF"
"Cameroon";2022;9;"NF"
"Canada";2022;58;"F"
"Central African Republic";2022;4;"NF"
"Chad";2022;14;"NF"
"Chile";2022;56;"F"
"China";2022;11;"NF"
"Colombia";2022;35;"PF"
"Comoros";2022;26;"PF"
"Congo (Brazzaville)";2022;15;"NF"
"Congo (Kinshasa)";2022;15;"NF"
"Costa Rica";2022;53;"F"
"Cote d'Ivoire";2022;30;"PF"
"Crimea";2022;9;"NF"
"Croatia";2022;49;"F"
"Cuba";2022;11;"NF"
"Cyprus";2022;55;"F"
"Czech Republic";2022;55;"F"
"Denmark";2022;57;"F"
"Djibouti";2022;19;"NF"
"Dominica";2022;56;"F"
"Dominican Republic";2022;41;"PF"
"Eastern Donbas";2022;5;"NF"
"Ecuador";2022;40;"F"
"Egypt";2022;12;"NF"
"El Salvador";2022;33;"PF"
"Equatorial Guinea";2022;5;"NF"
"Eritrea";2022;2;"NF"
"Estonia";2022;56;"F"
"Eswatini";2022;16;"NF"
"Ethiopia";2022;11;"NF"
"Fiji";2022;35;"PF"
"Finland";2022;60;"F"
"France";2022;51;"F"
"Gabon";2022;18;"NF"
"Gaza Strip";2022;8;"NF"
"Georgia";2022;36;"PF"
"Germany";2022;55;"F"
"Ghana";2022;45;"F"
"Greece";2022;50;"F"
"Grenada";2022;52;"F"
"Guatemala";2022;30;"PF"
"Guinea";2022;24;"NF"
"Guinea-Bissau";2022;26;"PF"
"Guyana";2022;43;"F"
"Haiti";2022;22;"NF"
"Honduras";2022;26;"PF"
"Hong Kong";2022;33;"PF"
"Hungary";2022;43;"PF"
"Iceland";2022;57;"F"
"India";2022;33;"PF"
"Indian Kashmir";2022;20;"NF"
"Indonesia";2022;29;"PF"
"Iran";2022;10;"NF"
"Iraq";2022;13;"NF"
"Ireland";2022;58;"F"
"Israel";2022;42;"F"
"Italy";2022;54;"F"
"Jamaica";2022;46;"F"
"Japan";2022;56;"F"
"Jordan";2022;22;"NF"
"Kazakhstan";2022;18;"NF"
"Kenya";2022;29;"PF"
"Kiribati";2022;56;"F"
"Kosovo";2022;31;"PF"
"Kuwait";2022;23;"PF"
"Kyrgyzstan";2022;23;"NF"
"Laos";2022;11;"NF"
"Latvia";2022;51;"F"
"Lebanon";2022;29;"PF"
"Lesotho";2022;36;"PF"
"Liberia";2022;33;"PF"
"Libya";2022;8;"NF"
"Liechtenstein";2022;57;"F"
"Lithuania";2022;51;"F"
"Luxembourg";2022;59;"F"
"Madagascar";2022;34;"PF"
"Malawi";2022;37;"PF"
"Malaysia";2022;30;"PF"
"Maldives";2022;21;"PF"
"Mali";2022;24;"NF"
"Malta";2022;54;"F"
"Marshall Islands";2022;55;"F"
"Mauritania";2022;21;"PF"
"Mauritius";2022;50;"F"
"Mexico";2022;33;"PF"
"Micronesia";2022;55;"F"
"Moldova";2022;35;"PF"
"Monaco";2022;57;"F"
"Mongolia";2022;48;"F"
"Montenegro";2022;41;"PF"
"Morocco";2022;24;"PF"
"Mozambique";2022;29;"PF"
"Myanmar";2022;9;"NF"
"Nagorno-Karabakh";2022;20;"PF"
"Namibia";2022;46;"F"
"Nauru";2022;43;"F"
"Nepal";2022;32;"PF"
"Netherlands";2022;58;"F"
"New Zealand";2022;59;"F"
"Nicaragua";2022;18;"NF"
"Niger";2022;28;"PF"
"Nigeria";2022;23;"PF"
"North Korea";2022;3;"NF"
"North Macedonia";2022;39;"PF"
"Northern Cyprus";2022;50;"F"
"Norway";2022;60;"F"
"Oman";2022;18;"NF"
"Pakistan";2022;22;"PF"
"Pakistani Kashmir";2022;20;"NF"
"Palau";2022;55;"F"
"Panama";2022;48;"F"
"Papua New Guinea";2022;39;"PF"
"Paraguay";2022;37;"PF"
"Peru";2022;42;"F"
"Philippines";2022;30;"PF"
"Poland";2022;47;"F"
"Portugal";2022;56;"F"
"Qatar";2022;18;"NF"
"Romania";2022;48;"F"
"Russia";2022;14;"NF"
"Rwanda";2022;14;"NF"
"Samoa";2022;51;"F"
"San Marino";2022;55;"F"
"Sao Tome and Principe";2022;49;"F"
"Saudi Arabia";2022;6;"NF"
"Senegal";2022;39;"PF"
"Serbia";2022;41;"PF"
"Seychelles";2022;45;"F"
"Sierra Leone";2022;37;"PF"
"Singapore";2022;28;"PF"
"Slovakia";2022;53;"F"
"Slovenia";2022;52;"F"
"Solomon Islands";2022;49;"F"
"Somalia";2022;6;"NF"
"Somaliland";2022;27;"PF"
"South Africa";2022;46;"F"
"South Korea";2022;50;"F"
"South Ossetia";2022;9;"NF"
"South Sudan";2022;4;"NF"
"Spain";2022;53;"F"
"Sri Lanka";2022;32;"PF"
"St. Kitts and Nevis";2022;54;"F"
"St. Lucia";2022;54;"F"
"St. Vincent and the Grenadines";2022;55;"F"
"Sudan";2022;10;"NF"
"Suriname";2022;45;"F"
"Sweden";2022;60;"F"
"Switzerland";2022;57;"F"
"Syria";2022;4;"NF"
"Taiwan";2022;56;"F"
"Tajikistan";2022;8;"NF"
"Tanzania";2022;22;"PF"
"Thailand";2022;24;"NF"
"The Gambia";2022;26;"PF"
"Tibet";2022;3;"NF"
"Timor-Leste";2022;39;"F"
"Togo";2022;27;"PF"
"Tonga";2022;49;"F"
"Transnistria";2022;12;"NF"
"Trinidad and Tobago";2022;49;"F"
"Tunisia";2022;38;"PF"
"Turkey";2022;16;"NF"
"Turkmenistan";2022;2;"NF"
"Tuvalu";2022;56;"F"
"Uganda";2022;23;"NF"
"Ukraine";2022;35;"PF"
"United Arab Emirates";2022;12;"NF"
"United Kingdom";2022;54;"F"
"United States";2022;51;"F"
"Uruguay";2022;57;"F"
"Uzbekistan";2022;9;"NF"
"Vanuatu";2022;49;"F"
"Venezuela";2022;13;"NF"
"Vietnam";2022;16;"NF"
"West Bank";2022;19;"NF"
"Western Sahara";2022;7;"NF"
"Yemen";2022;8;"NF"
"Zambia";2022;30;"PF"
"Zimbabwe";2022;17;"NF"
"Abkhazia";2021;23;"PF"
"Afghanistan";2021;14;"NF"
"Albania";2021;39;"PF"
"Algeria";2021;22;"NF"
"Andorra";2021;55;"F"
"Angola";2021;21;"NF"
"Antigua and Barbuda";2021;52;"F"
"Argentina";2021;49;"F"
"Armenia";2021;33;"PF"
"Australia";2021;57;"F"
"Austria";2021;56;"F"
"Azerbaijan";2021;8;"NF"
"Bahamas";2021;53;"F"
"Bahrain";2021;10;"NF"
"Bangladesh";2021;24;"PF"
"Barbados";2021;57;"F"
"Belarus";2021;9;"NF"
"Belgium";2021;57;"F"
"Belize";2021;53;"F"
"Benin";2021;44;"PF"
"Bhutan";2021;31;"PF"
"Bolivia";2021;39;"PF"
"Bosnia and Herzegovina";2021;34;"PF"
"Botswana";2021;44;"F"
"Brazil";2021;43;"F"
"Brunei";2021;21;"NF"
"Bulgaria";2021;45;"F"
"Burkina Faso";2021;31;"PF"
"Burundi";2021;10;"NF"
"Cabo Verde";2021;54;"F"
"Cambodia";2021;19;"NF"
"Cameroon";2021;9;"NF"
"Canada";2021;58;"F"
"Central African Republic";2021;6;"NF"
"Chad";2021;14;"NF"
"Chile";2021;55;"F"
"China";2021;11;"NF"
"Colombia";2021;36;"PF"
"Comoros";2021;26;"PF"
"Congo (Brazzaville)";2021;18;"NF"
"Congo (Kinshasa)";2021;15;"NF"
"Costa Rica";2021;53;"F"
"Cote d'Ivoire";2021;28;"PF"
"Crimea";2021;9;"NF"
"Croatia";2021;49;"F"
"Cuba";2021;12;"NF"
"Cyprus";2021;56;"F"
"Czech Republic";2021;55;"F"
"Denmark";2021;57;"F"
"Djibouti";2021;19;"NF"
"Dominica";2021;56;"F"
"Dominican Republic";2021;41;"PF"
"Eastern Donbas";2021;5;"NF"
"Ecuador";2021;40;"PF"
"Egypt";2021;12;"NF"
"El Salvador";2021;33;"PF"
"Equatorial Guinea";2021;5;"NF"
"Eritrea";2021;1;"NF"
"Estonia";2021;56;"F"
"Eswatini";2021;18;"NF"
"Ethiopia";2021;13;"NF"
"Fiji";2021;36;"PF"
"Finland";2021;60;"F"
"France";2021;52;"F"
"Gabon";2021;19;"NF"
"Gaza Strip";2021;8;"NF"
"Georgia";2021;37;"PF"
"Germany";2021;55;"F"
"Ghana";2021;47;"F"
"Greece";2021;50;"F"
"Grenada";2021;52;"F"
"Guatemala";2021;31;"PF"
"Guinea";2021;24;"PF"
"Guinea-Bissau";2021;27;"PF"
"Guyana";2021;43;"F"
"Haiti";2021;22;"PF"
"Honduras";2021;25;"PF"
"Hong Kong";2021;37;"PF"
"Hungary";2021;43;"PF"
"Iceland";2021;57;"F"
"India";2021;33;"PF"
"Indian Kashmir";2021;20;"NF"
"Indonesia";2021;29;"PF"
"Iran";2021;10;"NF"
"Iraq";2021;13;"NF"
"Ireland";2021;58;"F"
"Israel";2021;43;"F"
"Italy";2021;54;"F"
"Jamaica";2021;46;"F"
"Japan";2021;56;"F"
"Jordan";2021;23;"NF"
"Kazakhstan";2021;18;"NF"
"Kenya";2021;29;"PF"
"Kiribati";2021;56;"F"
"Kosovo";2021;31;"PF"
"Kuwait";2021;23;"PF"
"Kyrgyzstan";2021;24;"NF"
"Laos";2021;11;"NF"
"Latvia";2021;52;"F"
"Lebanon";2021;30;"PF"
"Lesotho";2021;36;"PF"
"Liberia";2021;33;"PF"
"Libya";2021;8;"NF"
"Liechtenstein";2021;57;"F"
"Lithuania";2021;52;"F"
"Luxembourg";2021;59;"F"
"Madagascar";2021;33;"PF"
"Malawi";2021;37;"PF"
"Malaysia";2021;30;"PF"
"Maldives";2021;21;"PF"
"Mali";2021;24;"NF"
"Malta";2021;55;"F"
"Marshall Islands";2021;55;"F"
"Mauritania";2021;21;"PF"
"Mauritius";2021;50;"F"
"Mexico";2021;34;"PF"
"Micronesia";2021;55;"F"
"Moldova";2021;35;"PF"
"Monaco";2021;57;"F"
"Mongolia";2021;48;"F"
"Montenegro";2021;39;"PF"
"Morocco";2021;24;"PF"
"Mozambique";2021;29;"PF"
"Myanmar";2021;15;"NF"
"Nagorno-Karabakh";2021;19;"PF"
"Namibia";2021;46;"F"
"Nauru";2021;43;"F"
"Nepal";2021;31;"PF"
"Netherlands";2021;58;"F"
"New Zealand";2021;59;"F"
"Nicaragua";2021;20;"NF"
"Niger";2021;28;"PF"
"Nigeria";2021;24;"PF"
"North Korea";2021;3;"NF"
"North Macedonia";2021;39;"PF"
"Northern Cyprus";2021;50;"F"
"Norway";2021;60;"F"
"Oman";2021;17;"NF"
"Pakistan";2021;22;"PF"
"Pakistani Kashmir";2021;19;"NF"
"Palau";2021;55;"F"
"Panama";2021;48;"F"
"Papua New Guinea";2021;39;"PF"
"Paraguay";2021;37;"PF"
"Peru";2021;42;"PF"
"Philippines";2021;31;"PF"
"Poland";2021;48;"F"
"Portugal";2021;57;"F"
"Qatar";2021;18;"NF"
"Romania";2021;48;"F"
"Russia";2021;15;"NF"
"Rwanda";2021;13;"NF"
"Samoa";2021;51;"F"
"San Marino";2021;55;"F"
"Sao Tome and Principe";2021;49;"F"
"Saudi Arabia";2021;6;"NF"
"Senegal";2021;42;"PF"
"Serbia";2021;42;"PF"
"Seychelles";2021;43;"F"
"Sierra Leone";2021;37;"PF"
"Singapore";2021;29;"PF"
"Slovakia";2021;53;"F"
"Slovenia";2021;56;"F"
"Solomon Islands";2021;49;"F"
"Somalia";2021;6;"NF"
"Somaliland";2021;24;"PF"
"South Africa";2021;46;"F"
"South Korea";2021;50;"F"
"South Ossetia";2021;8;"NF"
"South Sudan";2021;4;"NF"
"Spain";2021;53;"F"
"Sri Lanka";2021;33;"PF"
"St. Kitts and Nevis";2021;54;"F"
"St. Lucia";2021;54;"F"
"St. Vincent and the Grenadines";2021;55;"F"
"Sudan";2021;15;"NF"
"Suriname";2021;45;"F"
"Sweden";2021;60;"F"
"Switzerland";2021;57;"F"
"Syria";2021;4;"NF"
"Taiwan";2021;56;"F"
"Tajikistan";2021;8;"NF"
"Tanzania";2021;22;"PF"
"Thailand";2021;25;"NF"
"The Gambia";2021;26;"PF"
"Tibet";2021;3;"NF"
"Timor-Leste";2021;39;"F"
"Togo";2021;28;"PF"
"Tonga";2021;49;"F"
"Transnistria";2021;12;"NF"
"Trinidad and Tobago";2021;49;"F"
"Tunisia";2021;39;"F"
"Turkey";2021;16;"NF"
"Turkmenistan";2021;2;"NF"
"Tuvalu";2021;56;"F"
"Uganda";2021;23;"NF"
"Ukraine";2021;34;"PF"
"United Arab Emirates";2021;12;"NF"
"United Kingdom";2021;54;"F"
"United States";2021;51;"F"
"Uruguay";2021;58;"F"
"Uzbekistan";2021;9;"NF"
"Vanuatu";2021;49;"F"
"Venezuela";2021;13;"NF"
"Vietnam";2021;16;"NF"
"West Bank";2021;21;"NF"
"Western Sahara";2021;7;"NF"
"Yemen";2021;10;"NF"
"Zambia";2021;32;"PF"
"Zimbabwe";2021;17;"NF"
"Abkhazia";2020;23;"PF"
"Afghanistan";2020;14;"NF"
"Albania";2020;40;"PF"
"Algeria";2020;24;"NF"
"Andorra";2020;55;"F"
"Angola";2020;21;"NF"
"Antigua and Barbuda";2020;52;"F"
"Argentina";2020;50;"F"
"Armenia";2020;32;"PF"
"Australia";2020;57;"F"
"Austria";2020;56;"F"
"Azerbaijan";2020;8;"NF"
"Bahamas";2020;53;"F"
"Bahrain";2020;10;"NF"
"Bangladesh";2020;24;"PF"
"Barbados";2020;57;"F"
"Belarus";2020;14;"NF"
"Belgium";2020;57;"F"
"Belize";2020;51;"F"
"Benin";2020;45;"PF"
"Bhutan";2020;30;"PF"
"Bolivia";2020;38;"PF"
"Bosnia and Herzegovina";2020;34;"PF"
"Botswana";2020;44;"F"
"Brazil";2020;44;"F"
"Brunei";2020;21;"NF"
"Bulgaria";2020;46;"F"
"Burkina Faso";2020;33;"PF"
"Burundi";2020;10;"NF"
"Cabo Verde";2020;54;"F"
"Cambodia";2020;20;"NF"
"Cameroon";2020;11;"NF"
"Canada";2020;58;"F"
"Central African Republic";2020;6;"NF"
"Chad";2020;14;"NF"
"Chile";2020;52;"F"
"China";2020;11;"NF"
"Colombia";2020;37;"PF"
"Comoros";2020;26;"PF"
"Congo (Brazzaville)";2020;18;"NF"
"Congo (Kinshasa)";2020;14;"NF"
"Costa Rica";2020;53;"F"
"Cote d'Ivoire";2020;32;"PF"
"Crimea";2020;10;"NF"
"Croatia";2020;49;"F"
"Cuba";2020;13;"NF"
"Cyprus";2020;56;"F"
"Czech Republic";2020;55;"F"
"Denmark";2020;57;"F"
"Djibouti";2020;19;"NF"
"Dominica";2020;56;"F"
"Dominican Republic";2020;41;"PF"
"Eastern Donbas";2020;6;"NF"
"Ecuador";2020;38;"PF"
"Egypt";2020;14;"NF"
"El Salvador";2020;34;"PF"
"Equatorial Guinea";2020;6;"NF"
"Eritrea";2020;1;"NF"
"Estonia";2020;56;"F"
"Eswatini";2020;18;"NF"
"Ethiopia";2020;14;"NF"
"Fiji";2020;36;"PF"
"Finland";2020;60;"F"
"France";2020;52;"F"
"Gabon";2020;19;"NF"
"Gaza Strip";2020;8;"NF"
"Georgia";2020;37;"PF"
"Germany";2020;55;"F"
"Ghana";2020;47;"F"
"Greece";2020;51;"F"
"Grenada";2020;52;"F"
"Guatemala";2020;31;"PF"
"Guinea";2020;25;"PF"
"Guinea-Bissau";2020;29;"PF"
"Guyana";2020;43;"F"
"Haiti";2020;22;"PF"
"Honduras";2020;26;"PF"
"Hong Kong";2020;39;"PF"
"Hungary";2020;43;"PF"
"Iceland";2020;57;"F"
"India";2020;37;"F"
"Indian Kashmir";2020;20;"NF"
"Indonesia";2020;31;"PF"
"Iran";2020;10;"NF"
"Iraq";2020;14;"NF"
"Ireland";2020;58;"F"
"Israel";2020;43;"F"
"Italy";2020;53;"F"
"Jamaica";2020;44;"F"
"Japan";2020;56;"F"
"Jordan";2020;25;"PF"
"Kazakhstan";2020;18;"NF"
"Kenya";2020;29;"PF"
"Kiribati";2020;56;"F"
"Kosovo";2020;31;"PF"
"Kuwait";2020;23;"PF"
"Kyrgyzstan";2020;27;"PF"
"Laos";2020;12;"NF"
"Latvia";2020;52;"F"
"Lebanon";2020;30;"PF"
"Lesotho";2020;36;"PF"
"Liberia";2020;33;"PF"
"Libya";2020;8;"NF"
"Liechtenstein";2020;57;"F"
"Lithuania";2020;53;"F"
"Luxembourg";2020;60;"F"
"Madagascar";2020;35;"PF"
"Malawi";2020;36;"PF"
"Malaysia";2020;31;"PF"
"Maldives";2020;22;"PF"
"Mali";2020;24;"PF"
"Malta";2020;55;"F"
"Marshall Islands";2020;55;"F"
"Mauritania";2020;21;"PF"
"Mauritius";2020;52;"F"
"Mexico";2020;35;"PF"
"Micronesia";2020;55;"F"
"Moldova";2020;34;"PF"
"Monaco";2020;57;"F"
"Mongolia";2020;48;"F"
"Montenegro";2020;40;"PF"
"Morocco";2020;24;"PF"
"Mozambique";2020;31;"PF"
"Myanmar";2020;16;"NF"
"Nagorno-Karabakh";2020;21;"PF"
"Namibia";2020;46;"F"
"Nauru";2020;43;"F"
"Nepal";2020;31;"PF"
"Netherlands";2020;59;"F"
"New Zealand";2020;57;"F"
"Nicaragua";2020;21;"NF"
"Niger";2020;28;"PF"
"Nigeria";2020;25;"PF"
"North Korea";2020;3;"NF"
"North Macedonia";2020;39;"PF"
"Northern Cyprus";2020;50;"F"
"Norway";2020;60;"F"
"Oman";2020;17;"NF"
"Pakistan";2020;22;"PF"
"Pakistani Kashmir";2020;19;"NF"
"Palau";2020;55;"F"
"Panama";2020;48;"F"
"Papua New Guinea";2020;39;"PF"
"Paraguay";2020;37;"PF"
"Peru";2020;42;"F"
"Philippines";2020;34;"PF"
"Poland";2020;49;"F"
"Portugal";2020;57;"F"
"Qatar";2020;18;"NF"
"Romania";2020;48;"F"
"Russia";2020;15;"NF"
"Rwanda";2020;14;"NF"
"Samoa";2020;51;"F"
"San Marino";2020;57;"F"
"Sao Tome and Principe";2020;49;"F"
"Saudi Arabia";2020;6;"NF"
"Senegal";2020;42;"PF"
"Serbia";2020;43;"PF"
"Seychelles";2020;43;"PF"
"Sierra Leone";2020;37;"PF"
"Singapore";2020;31;"PF"
"Slovakia";2020;52;"F"
"Slovenia";2020;55;"F"
"Solomon Islands";2020;49;"F"
"Somalia";2020;6;"NF"
"Somaliland";2020;24;"PF"
"South Africa";2020;46;"F"
"South Korea";2020;50;"F"
"South Ossetia";2020;8;"NF"
"South Sudan";2020;4;"NF"
"Spain";2020;54;"F"
"Sri Lanka";2020;33;"PF"
"St. Kitts and Nevis";2020;53;"F"
"St. Lucia";2020;54;"F"
"St. Vincent and the Grenadines";2020;55;"F"
"Sudan";2020;10;"NF"
"Suriname";2020;43;"F"
"Sweden";2020;60;"F"
"Switzerland";2020;57;"F"
"Syria";2020;3;"NF"
"Taiwan";2020;56;"F"
"Tajikistan";2020;9;"NF"
"Tanzania";2020;23;"PF"
"Thailand";2020;26;"PF"
"The Gambia";2020;26;"PF"
"Tibet";2020;3;"NF"
"Timor-Leste";2020;39;"F"
"Togo";2020;28;"PF"
"Tonga";2020;49;"F"
"Transnistria";2020;13;"NF"
"Trinidad and Tobago";2020;49;"F"
"Tunisia";2020;38;"F"
"Turkey";2020;16;"NF"
"Turkmenistan";2020;2;"NF"
"Tuvalu";2020;56;"F"
"Uganda";2020;23;"NF"
"Ukraine";2020;35;"PF"
"United Arab Emirates";2020;12;"NF"
"United Kingdom";2020;55;"F"
"United States";2020;53;"F"
"Uruguay";2020;58;"F"
"Uzbekistan";2020;8;"NF"
"Vanuatu";2020;49;"F"
"Venezuela";2020;14;"NF"
"Vietnam";2020;17;"NF"
"West Bank";2020;21;"NF"
"Western Sahara";2020;7;"NF"
"Yemen";2020;10;"NF"
"Zambia";2020;32;"PF"
"Zimbabwe";2020;17;"PF"
"Abkhazia";2019;23;"PF"
"Afghanistan";2019;14;"NF"
"Albania";2019;40;"PF"
"Algeria";2019;24;"NF"
"Andorra";2019;55;"F"
"Angola";2019;20;"NF"
"Antigua and Barbuda";2019;51;"F"
"Argentina";2019;50;"F"
"Armenia";2019;31;"PF"
"Australia";2019;58;"F"
"Austria";2019;56;"F"
"Azerbaijan";2019;9;"NF"
"Bahamas";2019;53;"F"
"Bahrain";2019;10;"NF"
"Bangladesh";2019;24;"PF"
"Barbados";2019;58;"F"
"Belarus";2019;14;"NF"
"Belgium";2019;57;"F"
"Belize";2019;50;"F"
"Benin";2019;47;"F"
"Bhutan";2019;30;"PF"
"Bolivia";2019;39;"PF"
"Bosnia and Herzegovina";2019;34;"PF"
"Botswana";2019;44;"F"
"Brazil";2019;45;"F"
"Brunei";2019;22;"NF"
"Bulgaria";2019;47;"F"
"Burkina Faso";2019;37;"PF"
"Burundi";2019;11;"NF"
"Cabo Verde";2019;53;"F"
"Cambodia";2019;20;"NF"
"Cameroon";2019;12;"NF"
"Canada";2019;59;"F"
"Central African Republic";2019;5;"NF"
"Chad";2019;14;"NF"
"Chile";2019;57;"F"
"China";2019;12;"NF"
"Colombia";2019;37;"PF"
"Comoros";2019;29;"PF"
"Congo (Brazzaville)";2019;19;"NF"
"Congo (Kinshasa)";2019;12;"NF"
"Costa Rica";2019;53;"F"
"Cote d'Ivoire";2019;32;"PF"
"Crimea";2019;10;"NF"
"Croatia";2019;49;"F"
"Cuba";2019;13;"NF"
"Cyprus";2019;56;"F"
"Czech Republic";2019;55;"F"
"Denmark";2019;57;"F"
"Djibouti";2019;19;"NF"
"Dominica";2019;56;"F"
"Dominican Republic";2019;41;"PF"
"Ecuador";2019;38;"PF"
"Egypt";2019;14;"NF"
"El Salvador";2019;35;"F"
"Equatorial Guinea";2019;6;"NF"
"Eritrea";2019;1;"NF"
"Estonia";2019;56;"F"
"Eswatini";2019;15;"NF"
"Ethiopia";2019;12;"NF"
"Fiji";2019;37;"PF"
"Finland";2019;60;"F"
"France";2019;52;"F"
"Gabon";2019;19;"NF"
"Gaza Strip";2019;8;"NF"
"Georgia";2019;38;"PF"
"Germany";2019;55;"F"
"Ghana";2019;47;"F"
"Greece";2019;51;"F"
"Grenada";2019;52;"F"
"Guatemala";2019;31;"PF"
"Guinea";2019;26;"PF"
"Guinea-Bissau";2019;27;"PF"
"Guyana";2019;43;"F"
"Haiti";2019;24;"PF"
"Honduras";2019;26;"PF"
"Hong Kong";2019;44;"PF"
"Hungary";2019;43;"PF"
"Iceland";2019;57;"F"
"India";2019;40;"F"
"Indian Kashmir";2019;27;"PF"
"Indonesia";2019;32;"PF"
"Iran";2019;11;"NF"
"Iraq";2019;15;"NF"
"Ireland";2019;58;"F"
"Israel";2019;43;"F"
"Italy";2019;53;"F"
"Jamaica";2019;44;"F"
"Japan";2019;56;"F"
"Jordan";2019;25;"PF"
"Kazakhstan";2019;17;"NF"
"Kenya";2019;29;"PF"
"Kiribati";2019;56;"F"
"Kosovo";2019;30;"PF"
"Kuwait";2019;23;"PF"
"Kyrgyzstan";2019;26;"PF"
"Laos";2019;12;"NF"
"Latvia";2019;52;"F"
"Lebanon";2019;31;"PF"
"Lesotho";2019;36;"PF"
"Liberia";2019;35;"PF"
"Libya";2019;8;"NF"
"Liechtenstein";2019;57;"F"
"Lithuania";2019;53;"F"
"Luxembourg";2019;60;"F"
"Madagascar";2019;32;"PF"
"Malawi";2019;38;"PF"
"Malaysia";2019;31;"PF"
"Maldives";2019;21;"PF"
"Mali";2019;26;"PF"
"Malta";2019;56;"F"
"Marshall Islands";2019;55;"F"
"Mauritania";2019;21;"NF"
"Mauritius";2019;52;"F"
"Mexico";2019;36;"PF"
"Micronesia";2019;55;"F"
"Moldova";2019;34;"PF"
"Monaco";2019;56;"F"
"Mongolia";2019;49;"F"
"Montenegro";2019;42;"PF"
"Morocco";2019;25;"PF"
"Mozambique";2019;32;"PF"
"Myanmar";2019;17;"PF"
"Nagorno-Karabakh";2019;19;"PF"
"Namibia";2019;46;"F"
"Nauru";2019;44;"F"
"Nepal";2019;29;"PF"
"Netherlands";2019;59;"F"
"New Zealand";2019;58;"F"
"Nicaragua";2019;22;"NF"
"Niger";2019;29;"PF"
"Nigeria";2019;25;"PF"
"North Korea";2019;3;"NF"
"North Macedonia";2019;37;"PF"
"Northern Cyprus";2019;50;"F"
"Norway";2019;60;"F"
"Oman";2019;17;"NF"
"Pakistan";2019;22;"PF"
"Pakistani Kashmir";2019;19;"NF"
"Palau";2019;55;"F"
"Panama";2019;48;"F"
"Papua New Guinea";2019;41;"PF"
"Paraguay";2019;37;"PF"
"Peru";2019;42;"F"
"Philippines";2019;35;"PF"
"Poland";2019;49;"F"
"Portugal";2019;57;"F"
"Qatar";2019;18;"NF"
"Romania";2019;47;"F"
"Russia";2019;15;"NF"
"Rwanda";2019;14;"NF"
"Samoa";2019;51;"F"
"San Marino";2019;57;"F"
"Sao Tome and Principe";2019;49;"F"
"Saudi Arabia";2019;6;"NF"
"Senegal";2019;42;"F"
"Serbia";2019;43;"PF"
"Seychelles";2019;43;"PF"
"Sierra Leone";2019;37;"PF"
"Singapore";2019;32;"PF"
"Slovakia";2019;52;"F"
"Slovenia";2019;55;"F"
"Solomon Islands";2019;49;"F"
"Somalia";2019;6;"NF"
"Somaliland";2019;24;"PF"
"South Africa";2019;46;"F"
"South Korea";2019;50;"F"
"South Ossetia";2019;8;"NF"
"South Sudan";2019;4;"NF"
"Spain";2019;55;"F"
"Sri Lanka";2019;32;"PF"
"St. Kitts and Nevis";2019;53;"F"
"St. Lucia";2019;54;"F"
"St. Vincent and the Grenadines";2019;55;"F"
"Sudan";2019;4;"NF"
"Suriname";2019;43;"F"
"Sweden";2019;60;"F"
"Switzerland";2019;57;"F"
"Syria";2019;3;"NF"
"Taiwan";2019;56;"F"
"Tajikistan";2019;9;"NF"
"Tanzania";2019;25;"PF"
"Thailand";2019;25;"NF"
"The Gambia";2019;25;"PF"
"Tibet";2019;3;"NF"
"Timor-Leste";2019;38;"F"
"Togo";2019;28;"PF"
"Tonga";2019;49;"F"
"Transnistria";2019;14;"NF"
"Trinidad and Tobago";2019;49;"F"
"Tunisia";2019;38;"F"
"Turkey";2019;16;"NF"
"Turkmenistan";2019;2;"NF"
"Tuvalu";2019;56;"F"
"Uganda";2019;25;"NF"
"Ukraine";2019;34;"PF"
"United Arab Emirates";2019;12;"NF"
"United Kingdom";2019;54;"F"
"United States";2019;53;"F"
"Uruguay";2019;58;"F"
"Uzbekistan";2019;8;"NF"
"Vanuatu";2019;49;"F"
"Venezuela";2019;16;"NF"
"Vietnam";2019;17;"NF"
"West Bank";2019;21;"NF"
"Western Sahara";2019;7;"NF"
"Yemen";2019;10;"NF"
"Zambia";2019;32;"PF"
"Zimbabwe";2019;19;"PF"
"Abkhazia";2018;23;"PF"
"Afghanistan";2018;14;"NF"
"Albania";2018;40;"PF"
"Algeria";2018;25;"NF"
"Andorra";2018;57;"F"
"Angola";2018;16;"NF"
"Antigua and Barbuda";2018;50;"F"
"Argentina";2018;50;"F"
"Armenia";2018;30;"PF"
"Australia";2018;58;"F"
"Austria";2018;57;"F"
"Azerbaijan";2018;9;"NF"
"Bahamas";2018;53;"F"
"Bahrain";2018;10;"NF"
"Bangladesh";2018;26;"PF"
"Barbados";2018;58;"F"
"Belarus";2018;15;"NF"
"Belgium";2018;56;"F"
"Belize";2018;50;"F"
"Benin";2018;49;"F"
"Bhutan";2018;27;"PF"
"Bolivia";2018;39;"PF"
"Bosnia and Herzegovina";2018;34;"PF"
"Botswana";2018;44;"F"
"Brazil";2018;47;"F"
"Brunei";2018;22;"NF"
"Bulgaria";2018;47;"F"
"Burkina Faso";2018;37;"PF"
"Burundi";2018;14;"NF"
"Cabo Verde";2018;53;"F"
"Cambodia";2018;20;"NF"
"Cameroon";2018;13;"NF"
"Canada";2018;59;"F"
"Central African Republic";2018;5;"NF"
"Chad";2018;14;"NF"
"Chile";2018;57;"F"
"China";2018;14;"NF"
"Colombia";2018;36;"PF"
"Comoros";2018;31;"PF"
"Congo (Brazzaville)";2018;19;"NF"
"Congo (Kinshasa)";2018;13;"NF"
"Costa Rica";2018;53;"F"
"Cote d'Ivoire";2018;32;"PF"
"Crimea";2018;10;"NF"
"Croatia";2018;49;"F"
"Cuba";2018;13;"NF"
"Cyprus";2018;56;"F"
"Czech Republic";2018;56;"F"
"Denmark";2018;57;"F"
"Djibouti";2018;19;"NF"
"Dominica";2018;56;"F"
"Dominican Republic";2018;41;"PF"
"Ecuador";2018;35;"PF"
"Egypt";2018;16;"NF"
"El Salvador";2018;36;"F"
"Equatorial Guinea";2018;6;"NF"
"Eritrea";2018;2;"NF"
"Estonia";2018;56;"F"
"Eswatini";2018;15;"NF"
"Ethiopia";2018;8;"NF"
"Fiji";2018;35;"PF"
"Finland";2018;60;"F"
"France";2018;52;"F"
"Gabon";2018;19;"NF"
"Gaza Strip";2018;9;"NF"
"Georgia";2018;38;"PF"
"Germany";2018;55;"F"
"Ghana";2018;46;"F"
"Greece";2018;50;"F"
"Grenada";2018;51;"F"
"Guatemala";2018;33;"PF"
"Guinea";2018;24;"PF"
"Guinea-Bissau";2018;25;"PF"
"Guyana";2018;42;"F"
"Haiti";2018;24;"PF"
"Honduras";2018;26;"PF"
"Hong Kong";2018;44;"PF"
"Hungary";2018;44;"F"
"Iceland";2018;58;"F"
"India";2018;42;"F"
"Indian Kashmir";2018;27;"PF"
"Indonesia";2018;34;"PF"
"Iran";2018;11;"NF"
"Iraq";2018;15;"NF"
"Ireland";2018;57;"F"
"Israel";2018;43;"F"
"Italy";2018;53;"F"
"Jamaica";2018;43;"F"
"Japan";2018;56;"F"
"Jordan";2018;25;"PF"
"Kazakhstan";2018;17;"NF"
"Kenya";2018;29;"PF"
"Kiribati";2018;55;"F"
"Kosovo";2018;28;"PF"
"Kuwait";2018;23;"PF"
"Kyrgyzstan";2018;25;"PF"
"Laos";2018;11;"NF"
"Latvia";2018;52;"F"
"Lebanon";2018;32;"PF"
"Lesotho";2018;37;"PF"
"Liberia";2018;35;"PF"
"Libya";2018;8;"NF"
"Liechtenstein";2018;57;"F"
"Lithuania";2018;53;"F"
"Luxembourg";2018;60;"F"
"Madagascar";2018;32;"PF"
"Malawi";2018;37;"PF"
"Malaysia";2018;27;"PF"
"Maldives";2018;21;"PF"
"Mali";2018;27;"PF"
"Malta";2018;56;"F"
"Marshall Islands";2018;55;"F"
"Mauritania";2018;21;"NF"
"Mauritius";2018;52;"F"
"Mexico";2018;36;"PF"
"Micronesia";2018;56;"F"
"Moldova";2018;35;"PF"
"Monaco";2018;57;"F"
"Mongolia";2018;49;"F"
"Montenegro";2018;42;"PF"
"Morocco";2018;25;"PF"
"Mozambique";2018;32;"PF"
"Myanmar";2018;18;"PF"
"Nagorno-Karabakh";2018;18;"PF"
"Namibia";2018;47;"F"
"Nauru";2018;46;"F"
"Nepal";2018;30;"PF"
"Netherlands";2018;59;"F"
"New Zealand";2018;58;"F"
"Nicaragua";2018;32;"PF"
"Niger";2018;29;"PF"
"Nigeria";2018;25;"PF"
"North Korea";2018;3;"NF"
"North Macedonia";2018;37;"PF"
"Northern Cyprus";2018;50;"F"
"Norway";2018;60;"F"
"Oman";2018;17;"NF"
"Pakistan";2018;24;"PF"
"Pakistani Kashmir";2018;19;"NF"
"Palau";2018;55;"F"
"Panama";2018;48;"F"
"Papua New Guinea";2018;38;"PF"
"Paraguay";2018;37;"PF"
"Peru";2018;42;"F"
"Philippines";2018;35;"PF"
"Poland";2018;49;"F"
"Portugal";2018;58;"F"
"Qatar";2018;17;"NF"
"Romania";2018;49;"F"
"Russia";2018;15;"NF"
"Rwanda";2018;15;"NF"
"Samoa";2018;50;"F"
"San Marino";2018;59;"F"
"Sao Tome and Principe";2018;48;"F"
"Saudi Arabia";2018;7;"NF"
"Senegal";2018;44;"F"
"Serbia";2018;45;"F"
"Seychelles";2018;43;"PF"
"Sierra Leone";2018;38;"PF"
"Singapore";2018;33;"PF"
"Slovakia";2018;53;"F"
"Slovenia";2018;54;"F"
"Solomon Islands";2018;44;"F"
"Somalia";2018;6;"NF"
"Somaliland";2018;25;"PF"
"South Africa";2018;46;"F"
"South Korea";2018;51;"F"
"South Ossetia";2018;8;"NF"
"South Sudan";2018;4;"NF"
"Spain";2018;56;"F"
"Sri Lanka";2018;31;"PF"
"St. Kitts and Nevis";2018;53;"F"
"St. Lucia";2018;53;"F"
"St. Vincent and the Grenadines";2018;54;"F"
"Sudan";2018;4;"NF"
"Suriname";2018;44;"F"
"Sweden";2018;60;"F"
"Switzerland";2018;57;"F"
"Syria";2018;2;"NF"
"Taiwan";2018;56;"F"
"Tajikistan";2018;10;"NF"
"Tanzania";2018;30;"PF"
"Thailand";2018;25;"NF"
"The Gambia";2018;21;"PF"
"Tibet";2018;3;"NF"
"Timor-Leste";2018;37;"F"
"Togo";2018;29;"PF"
"Tonga";2018;45;"F"
"Transnistria";2018;14;"NF"
"Trinidad and Tobago";2018;48;"F"
"Tunisia";2018;40;"F"
"Turkey";2018;16;"NF"
"Turkmenistan";2018;4;"NF"
"Tuvalu";2018;57;"F"
"Uganda";2018;26;"PF"
"Ukraine";2018;36;"PF"
"United Arab Emirates";2018;12;"NF"
"United Kingdom";2018;54;"F"
"United States";2018;53;"F"
"Uruguay";2018;58;"F"
"Uzbekistan";2018;6;"NF"
"Vanuatu";2018;48;"F"
"Venezuela";2018;18;"NF"
"Vietnam";2018;17;"NF"
"West Bank";2018;23;"NF"
"Western Sahara";2018;7;"NF"
"Yemen";2018;12;"NF"
"Zambia";2018;33;"PF"
"Zimbabwe";2018;20;"NF"
"Abkhazia";2017;23;"PF"
"Afghanistan";2017;14;"NF"
"Albania";2017;40;"PF"
"Algeria";2017;24;"NF"
"Andorra";2017;56;"F"
"Angola";2017;14;"NF"
"Antigua and Barbuda";2017;50;"F"
"Argentina";2017;49;"F"
"Armenia";2017;29;"PF"
"Australia";2017;58;"F"
"Austria";2017;58;"F"
"Azerbaijan";2017;10;"NF"
"Bahamas";2017;53;"F"
"Bahrain";2017;10;"NF"
"Bangladesh";2017;27;"PF"
"Barbados";2017;58;"F"
"Belarus";2017;15;"NF"
"Belgium";2017;55;"F"
"Belize";2017;51;"F"
"Benin";2017;49;"F"
"Bhutan";2017;27;"PF"
"Bolivia";2017;39;"PF"
"Bosnia and Herzegovina";2017;34;"PF"
"Botswana";2017;44;"F"
"Brazil";2017;48;"F"
"Brunei";2017;22;"NF"
"Bulgaria";2017;47;"F"
"Burkina Faso";2017;40;"PF"
"Burundi";2017;14;"NF"
"Cabo Verde";2017;53;"F"
"Cambodia";2017;20;"NF"
"Cameroon";2017;15;"NF"
"Canada";2017;59;"F"
"Central African Republic";2017;6;"NF"
"Chad";2017;14;"NF"
"Chile";2017;57;"F"
"China";2017;14;"NF"
"Colombia";2017;35;"PF"
"Comoros";2017;31;"PF"
"Congo (Brazzaville)";2017;22;"NF"
"Congo (Kinshasa)";2017;15;"NF"
"Costa Rica";2017;53;"F"
"Cote d'Ivoire";2017;32;"PF"
"Crimea";2017;10;"NF"
"Croatia";2017;50;"F"
"Cuba";2017;14;"NF"
"Cyprus";2017;56;"F"
"Czech Republic";2017;56;"F"
"Denmark";2017;57;"F"
"Djibouti";2017;19;"NF"
"Dominica";2017;57;"F"
"Dominican Republic";2017;41;"PF"
"Ecuador";2017;33;"PF"
"Egypt";2017;17;"NF"
"El Salvador";2017;36;"F"
"Equatorial Guinea";2017;7;"NF"
"Eritrea";2017;2;"NF"
"Estonia";2017;56;"F"
"Eswatini";2017;17;"NF"
"Ethiopia";2017;8;"NF"
"Fiji";2017;34;"PF"
"Finland";2017;60;"F"
"France";2017;52;"F"
"Gabon";2017;24;"NF"
"Gaza Strip";2017;9;"NF"
"Georgia";2017;37;"PF"
"Germany";2017;56;"F"
"Ghana";2017;46;"F"
"Greece";2017;49;"F"
"Grenada";2017;51;"F"
"Guatemala";2017;31;"PF"
"Guinea";2017;24;"PF"
"Guinea-Bissau";2017;24;"PF"
"Guyana";2017;42;"F"
"Haiti";2017;24;"PF"
"Honduras";2017;27;"PF"
"Hong Kong";2017;45;"PF"
"Hungary";2017;47;"F"
"Iceland";2017;59;"F"
"India";2017;42;"F"
"Indian Kashmir";2017;28;"PF"
"Indonesia";2017;34;"PF"
"Iran";2017;10;"NF"
"Iraq";2017;15;"NF"
"Ireland";2017;57;"F"
"Israel";2017;44;"F"
"Italy";2017;53;"F"
"Jamaica";2017;41;"F"
"Japan";2017;56;"F"
"Jordan";2017;25;"PF"
"Kazakhstan";2017;17;"NF"
"Kenya";2017;29;"PF"
"Kiribati";2017;55;"F"
"Kosovo";2017;28;"PF"
"Kuwait";2017;23;"PF"
"Kyrgyzstan";2017;24;"PF"
"Laos";2017;11;"NF"
"Latvia";2017;51;"F"
"Lebanon";2017;30;"PF"
"Lesotho";2017;37;"PF"
"Liberia";2017;34;"PF"
"Libya";2017;10;"NF"
"Liechtenstein";2017;58;"F"
"Lithuania";2017;53;"F"
"Luxembourg";2017;60;"F"
"Madagascar";2017;32;"PF"
"Malawi";2017;37;"PF"
"Malaysia";2017;26;"PF"
"Maldives";2017;23;"PF"
"Mali";2017;28;"PF"
"Malta";2017;57;"F"
"Marshall Islands";2017;55;"F"
"Mauritania";2017;21;"NF"
"Mauritius";2017;52;"F"
"Mexico";2017;37;"PF"
"Micronesia";2017;56;"F"
"Moldova";2017;35;"PF"
"Monaco";2017;57;"F"
"Mongolia";2017;49;"F"
"Montenegro";2017;43;"PF"
"Morocco";2017;26;"PF"
"Mozambique";2017;33;"PF"
"Myanmar";2017;18;"PF"
"Nagorno-Karabakh";2017;18;"PF"
"Namibia";2017;47;"F"
"Nauru";2017;46;"F"
"Nepal";2017;28;"PF"
"Netherlands";2017;59;"F"
"New Zealand";2017;58;"F"
"Nicaragua";2017;33;"PF"
"Niger";2017;28;"PF"
"Nigeria";2017;25;"PF"
"North Korea";2017;3;"NF"
"North Macedonia";2017;36;"PF"
"Northern Cyprus";2017;48;"F"
"Norway";2017;60;"F"
"Oman";2017;17;"NF"
"Pakistan";2017;22;"PF"
"Pakistani Kashmir";2017;19;"NF"
"Palau";2017;55;"F"
"Panama";2017;48;"F"
"Papua New Guinea";2017;38;"PF"
"Paraguay";2017;37;"PF"
"Peru";2017;41;"F"
"Philippines";2017;36;"PF"
"Poland";2017;52;"F"
"Portugal";2017;58;"F"
"Qatar";2017;17;"NF"
"Romania";2017;49;"F"
"Russia";2017;15;"NF"
"Rwanda";2017;16;"NF"
"Samoa";2017;50;"F"
"San Marino";2017;59;"F"
"Sao Tome and Principe";2017;47;"F"
"Saudi Arabia";2017;7;"NF"
"Senegal";2017;46;"F"
"Serbia";2017;47;"F"
"Seychelles";2017;43;"PF"
"Sierra Leone";2017;38;"PF"
"Singapore";2017;32;"PF"
"Slovakia";2017;53;"F"
"Slovenia";2017;53;"F"
"Solomon Islands";2017;44;"F"
"Somalia";2017;5;"NF"
"Somaliland";2017;25;"PF"
"South Africa";2017;45;"F"
"South Korea";2017;50;"F"
"South Ossetia";2017;9;"NF"
"South Sudan";2017;6;"NF"
"Spain";2017;56;"F"
"Sri Lanka";2017;32;"PF"
"St. Kitts and Nevis";2017;53;"F"
"St. Lucia";2017;53;"F"
"St. Vincent and the Grenadines";2017;54;"F"
"Sudan";2017;4;"NF"
"Suriname";2017;43;"F"
"Sweden";2017;60;"F"
"Switzerland";2017;57;"F"
"Syria";2017;2;"NF"
"Taiwan";2017;54;"F"
"Tajikistan";2017;10;"NF"
"Tanzania";2017;33;"PF"
"Thailand";2017;25;"NF"
"The Gambia";2017;12;"NF"
"Tibet";2017;3;"NF"
"Timor-Leste";2017;36;"PF"
"Togo";2017;30;"PF"
"Tonga";2017;44;"F"
"Transnistria";2017;14;"NF"
"Trinidad and Tobago";2017;48;"F"
"Tunisia";2017;42;"F"
"Turkey";2017;20;"PF"
"Turkmenistan";2017;4;"NF"
"Tuvalu";2017;57;"F"
"Uganda";2017;24;"NF"
"Ukraine";2017;36;"PF"
"United Arab Emirates";2017;13;"NF"
"United Kingdom";2017;55;"F"
"United States";2017;53;"F"
"Uruguay";2017;58;"F"
"Uzbekistan";2017;3;"NF"
"Vanuatu";2017;48;"F"
"Venezuela";2017;19;"NF"
"Vietnam";2017;17;"NF"
"West Bank";2017;23;"NF"
"Western Sahara";2017;7;"NF"
"Yemen";2017;12;"NF"
"Zambia";2017;33;"PF"
"Zimbabwe";2017;20;"PF"
"Abkhazia";2016;23;"PF"
"Afghanistan";2016;14;"NF"
"Albania";2016;40;"PF"
"Algeria";2016;24;"NF"
"Andorra";2016;57;"F"
"Angola";2016;14;"NF"
"Antigua and Barbuda";2016;49;"F"
"Argentina";2016;48;"F"
"Armenia";2016;30;"PF"
"Australia";2016;58;"F"
"Austria";2016;58;"F"
"Azerbaijan";2016;11;"NF"
"Bahamas";2016;54;"F"
"Bahrain";2016;10;"NF"
"Bangladesh";2016;28;"PF"
"Barbados";2016;58;"F"
"Belarus";2016;13;"NF"
"Belgium";2016;56;"F"
"Belize";2016;51;"F"
"Benin";2016;49;"F"
"Bhutan";2016;27;"PF"
"Bolivia";2016;39;"PF"
"Bosnia and Herzegovina";2016;35;"PF"
"Botswana";2016;45;"F"
"Brazil";2016;48;"F"
"Brunei";2016;22;"NF"
"Bulgaria";2016;47;"F"
"Burkina Faso";2016;38;"PF"
"Burundi";2016;14;"NF"
"Cabo Verde";2016;53;"F"
"Cambodia";2016;21;"NF"
"Cameroon";2016;15;"NF"
"Canada";2016;59;"F"
"Central African Republic";2016;6;"NF"
"Chad";2016;16;"NF"
"Chile";2016;57;"F"
"China";2016;15;"NF"
"Colombia";2016;34;"PF"
"Comoros";2016;31;"PF"
"Congo (Brazzaville)";2016;22;"NF"
"Congo (Kinshasa)";2016;16;"NF"
"Costa Rica";2016;53;"F"
"Cote d'Ivoire";2016;31;"PF"
"Crimea";2016;10;"NF"
"Croatia";2016;50;"F"
"Cuba";2016;14;"NF"
"Cyprus";2016;56;"F"
"Czech Republic";2016;57;"F"
"Denmark";2016;58;"F"
"Djibouti";2016;19;"NF"
"Dominica";2016;57;"F"
"Dominican Republic";2016;41;"PF"
"Ecuador";2016;35;"PF"
"Egypt";2016;18;"NF"
"El Salvador";2016;36;"F"
"Equatorial Guinea";2016;7;"NF"
"Eritrea";2016;2;"NF"
"Estonia";2016;56;"F"
"Eswatini";2016;17;"NF"
"Ethiopia";2016;11;"NF"
"Fiji";2016;35;"PF"
"Finland";2016;60;"F"
"France";2016;53;"F"
"Gabon";2016;25;"NF"
"Gaza Strip";2016;9;"NF"
"Georgia";2016;37;"PF"
"Germany";2016;56;"F"
"Ghana";2016;46;"F"
"Greece";2016;48;"F"
"Grenada";2016;51;"F"
"Guatemala";2016;31;"PF"
"Guinea";2016;23;"PF"
"Guinea-Bissau";2016;23;"PF"
"Guyana";2016;42;"F"
"Haiti";2016;24;"PF"
"Honduras";2016;26;"PF"
"Hong Kong";2016;47;"PF"
"Hungary";2016;47;"F"
"Iceland";2016;60;"F"
"India";2016;42;"F"
"Indian Kashmir";2016;29;"PF"
"Indonesia";2016;34;"PF"
"Iran";2016;10;"NF"
"Iraq";2016;15;"NF"
"Ireland";2016;57;"F"
"Israel";2016;44;"F"
"Italy";2016;53;"F"
"Jamaica";2016;41;"F"
"Japan";2016;56;"F"
"Jordan";2016;25;"NF"
"Kazakhstan";2016;18;"NF"
"Kenya";2016;29;"PF"
"Kiribati";2016;55;"F"
"Kosovo";2016;28;"PF"
"Kuwait";2016;23;"PF"
"Kyrgyzstan";2016;24;"PF"
"Laos";2016;11;"NF"
"Latvia";2016;51;"F"
"Lebanon";2016;30;"PF"
"Lesotho";2016;39;"PF"
"Liberia";2016;33;"PF"
"Libya";2016;14;"NF"
"Liechtenstein";2016;59;"F"
"Lithuania";2016;53;"F"
"Luxembourg";2016;60;"F"
"Madagascar";2016;32;"PF"
"Malawi";2016;37;"PF"
"Malaysia";2016;27;"PF"
"Maldives";2016;24;"PF"
"Mali";2016;28;"PF"
"Malta";2016;57;"F"
"Marshall Islands";2016;55;"F"
"Mauritania";2016;21;"NF"
"Mauritius";2016;52;"F"
"Mexico";2016;37;"PF"
"Micronesia";2016;56;"F"
"Moldova";2016;35;"PF"
"Monaco";2016;57;"F"
"Mongolia";2016;50;"F"
"Montenegro";2016;43;"PF"
"Morocco";2016;26;"PF"
"Mozambique";2016;34;"PF"
"Myanmar";2016;17;"NF"
"Nagorno-Karabakh";2016;18;"PF"
"Namibia";2016;47;"F"
"Nauru";2016;49;"F"
"Nepal";2016;26;"PF"
"Netherlands";2016;59;"F"
"New Zealand";2016;58;"F"
"Nicaragua";2016;35;"PF"
"Niger";2016;28;"PF"
"Nigeria";2016;25;"PF"
"North Korea";2016;3;"NF"
"North Macedonia";2016;35;"PF"
"Northern Cyprus";2016;47;"F"
"Norway";2016;60;"F"
"Oman";2016;17;"NF"
"Pakistan";2016;21;"PF"
"Pakistani Kashmir";2016;19;"NF"
"Palau";2016;55;"F"
"Panama";2016;48;"F"
"Papua New Guinea";2016;36;"PF"
"Paraguay";2016;37;"PF"
"Peru";2016;41;"F"
"Philippines";2016;38;"PF"
"Poland";2016;55;"F"
"Portugal";2016;58;"F"
"Puerto Rico";2016;53;"F"
"Qatar";2016;18;"NF"
"Romania";2016;49;"F"
"Russia";2016;15;"NF"
"Rwanda";2016;16;"NF"
"Samoa";2016;49;"F"
"San Marino";2016;60;"F"
"Sao Tome and Principe";2016;47;"F"
"Saudi Arabia";2016;7;"NF"
"Senegal";2016;45;"F"
"Serbia";2016;48;"F"
"Seychelles";2016;42;"PF"
"Sierra Leone";2016;37;"PF"
"Singapore";2016;32;"PF"
"Slovakia";2016;53;"F"
"Slovenia";2016;53;"F"
"Solomon Islands";2016;43;"PF"
"Somalia";2016;2;"NF"
"Somaliland";2016;25;"PF"
"South Africa";2016;46;"F"
"South Korea";2016;49;"F"
"South Ossetia";2016;9;"NF"
"South Sudan";2016;12;"NF"
"Spain";2016;56;"F"
"Sri Lanka";2016;32;"PF"
"St. Kitts and Nevis";2016;53;"F"
"St. Lucia";2016;53;"F"
"St. Vincent and the Grenadines";2016;54;"F"
"Sudan";2016;4;"NF"
"Suriname";2016;43;"F"
"Sweden";2016;60;"F"
"Switzerland";2016;57;"F"
"Syria";2016;2;"NF"
"Taiwan";2016;52;"F"
"Tajikistan";2016;14;"NF"
"Tanzania";2016;33;"PF"
"Thailand";2016;25;"NF"
"The Gambia";2016;13;"NF"
"Tibet";2016;3;"NF"
"Timor-Leste";2016;36;"PF"
"Togo";2016;30;"PF"
"Tonga";2016;44;"F"
"Transnistria";2016;14;"NF"
"Trinidad and Tobago";2016;48;"F"
"Tunisia";2016;42;"F"
"Turkey";2016;29;"PF"
"Turkmenistan";2016;4;"NF"
"Tuvalu";2016;57;"F"
"Uganda";2016;25;"NF"
"Ukraine";2016;36;"PF"
"United Arab Emirates";2016;13;"NF"
"United Kingdom";2016;55;"F"
"United States";2016;54;"F"
"Uruguay";2016;58;"F"
"Uzbekistan";2016;3;"NF"
"Vanuatu";2016;47;"F"
"Venezuela";2016;20;"PF"
"Vietnam";2016;17;"NF"
"West Bank";2016;24;"NF"
"Western Sahara";2016;7;"NF"
"Yemen";2016;13;"NF"
"Zambia";2016;34;"PF"
"Zimbabwe";2016;20;"PF"
"Abkhazia";2015;23;"PF"
"Afghanistan";2015;13;"NF"
"Albania";2015;40;"PF"
"Algeria";2015;23;"NF"
"Andorra";2015;57;"F"
"Angola";2015;18;"NF"
"Antigua and Barbuda";2015;49;"F"
"Argentina";2015;49;"F"
"Armenia";2015;30;"PF"
"Australia";2015;58;"F"
"Austria";2015;58;"F"
"Azerbaijan";2015;14;"NF"
"Bahamas";2015;58;"F"
"Bahrain";2015;10;"NF"
"Bangladesh";2015;29;"PF"
"Barbados";2015;59;"F"
"Belarus";2015;10;"NF"
"Belgium";2015;57;"F"
"Belize";2015;51;"F"
"Benin";2015;49;"F"
"Bhutan";2015;27;"PF"
"Bolivia";2015;39;"PF"
"Bosnia and Herzegovina";2015;37;"PF"
"Botswana";2015;45;"F"
"Brazil";2015;48;"F"
"Brunei";2015;23;"NF"
"Bulgaria";2015;46;"F"
"Burkina Faso";2015;36;"PF"
"Burundi";2015;21;"NF"
"Cabo Verde";2015;53;"F"
"Cambodia";2015;20;"NF"
"Cameroon";2015;16;"NF"
"Canada";2015;59;"F"
"Central African Republic";2015;6;"NF"
"Chad";2015;16;"NF"
"Chile";2015;56;"F"
"China";2015;15;"NF"
"Colombia";2015;34;"PF"
"Comoros";2015;30;"PF"
"Congo (Brazzaville)";2015;23;"NF"
"Congo (Kinshasa)";2015;16;"NF"
"Costa Rica";2015;53;"F"
"Cote d'Ivoire";2015;29;"PF"
"Crimea";2015;11;"NF"
"Croatia";2015;50;"F"
"Cuba";2015;13;"NF"
"Cyprus";2015;56;"F"
"Czech Republic";2015;57;"F"
"Denmark";2015;58;"F"
"Djibouti";2015;19;"NF"
"Dominica";2015;57;"F"
"Dominican Republic";2015;43;"F"
"Ecuador";2015;35;"PF"
"Egypt";2015;18;"NF"
"El Salvador";2015;40;"F"
"Equatorial Guinea";2015;7;"NF"
"Eritrea";2015;2;"NF"
"Estonia";2015;56;"F"
"Eswatini";2015;17;"NF"
"Ethiopia";2015;11;"NF"
"Fiji";2015;34;"PF"
"Finland";2015;60;"F"
"France";2015;57;"F"
"Gabon";2015;25;"NF"
"Gaza Strip";2015;10;"NF"
"Georgia";2015;38;"PF"
"Germany";2015;57;"F"
"Ghana";2015;47;"F"
"Greece";2015;48;"F"
"Grenada";2015;51;"F"
"Guatemala";2015;31;"PF"
"Guinea";2015;24;"PF"
"Guinea-Bissau";2015;23;"PF"
"Guyana";2015;41;"F"
"Haiti";2015;24;"PF"
"Honduras";2015;29;"PF"
"Hong Kong";2015;49;"PF"
"Hungary";2015;50;"F"
"Iceland";2015;60;"F"
"India";2015;43;"F"
"Indian Kashmir";2015;29;"PF"
"Indonesia";2015;34;"PF"
"Iran";2015;10;"NF"
"Iraq";2015;13;"NF"
"Ireland";2015;58;"F"
"Israel";2015;44;"F"
"Italy";2015;53;"F"
"Jamaica";2015;40;"F"
"Japan";2015;55;"F"
"Jordan";2015;25;"NF"
"Kazakhstan";2015;18;"NF"
"Kenya";2015;29;"PF"
"Kiribati";2015;55;"F"
"Kosovo";2015;29;"PF"
"Kuwait";2015;23;"PF"
"Kyrgyzstan";2015;24;"PF"
"Laos";2015;11;"NF"
"Latvia";2015;51;"F"
"Lebanon";2015;30;"PF"
"Lesotho";2015;41;"F"
"Liberia";2015;30;"PF"
"Libya";2015;15;"NF"
"Liechtenstein";2015;59;"F"
"Lithuania";2015;53;"F"
"Luxembourg";2015;60;"F"
"Madagascar";2015;30;"PF"
"Malawi";2015;34;"PF"
"Malaysia";2015;27;"PF"
"Maldives";2015;28;"PF"
"Mali";2015;27;"PF"
"Malta";2015;58;"F"
"Marshall Islands";2015;55;"F"
"Mauritania";2015;22;"NF"
"Mauritius";2015;52;"F"
"Mexico";2015;36;"PF"
"Micronesia";2015;56;"F"
"Moldova";2015;35;"PF"
"Monaco";2015;57;"F"
"Mongolia";2015;50;"F"
"Montenegro";2015;44;"F"
"Morocco";2015;27;"PF"
"Mozambique";2015;35;"PF"
"Myanmar";2015;16;"NF"
"Nagorno-Karabakh";2015;18;"PF"
"Namibia";2015;46;"F"
"Nauru";2015;51;"F"
"Nepal";2015;27;"PF"
"Netherlands";2015;59;"F"
"New Zealand";2015;58;"F"
"Nicaragua";2015;35;"PF"
"Niger";2015;30;"PF"
"Nigeria";2015;25;"PF"
"North Korea";2015;3;"NF"
"North Macedonia";2015;37;"PF"
"Northern Cyprus";2015;47;"F"
"Norway";2015;60;"F"
"Oman";2015;17;"NF"
"Pakistan";2015;22;"PF"
"Pakistani Kashmir";2015;20;"NF"
"Palau";2015;55;"F"
"Panama";2015;47;"F"
"Papua New Guinea";2015;36;"PF"
"Paraguay";2015;38;"PF"
"Peru";2015;41;"F"
"Philippines";2015;37;"PF"
"Poland";2015;55;"F"
"Portugal";2015;58;"F"
"Puerto Rico";2015;52;"F"
"Qatar";2015;18;"NF"
"Romania";2015;49;"F"
"Russia";2015;16;"NF"
"Rwanda";2015;16;"NF"
"Samoa";2015;49;"F"
"San Marino";2015;60;"F"
"Sao Tome and Principe";2015;47;"F"
"Saudi Arabia";2015;7;"NF"
"Senegal";2015;45;"F"
"Serbia";2015;49;"F"
"Seychelles";2015;42;"PF"
"Sierra Leone";2015;37;"PF"
"Singapore";2015;32;"PF"
"Slovakia";2015;53;"F"
"Slovenia";2015;53;"F"
"Solomon Islands";2015;43;"PF"
"Somalia";2015;2;"NF"
"Somaliland";2015;25;"PF"
"South Africa";2015;48;"F"
"South Korea";2015;50;"F"
"South Ossetia";2015;9;"NF"
"South Sudan";2015;13;"NF"
"Spain";2015;57;"F"
"Sri Lanka";2015;25;"PF"
"St. Kitts and Nevis";2015;53;"F"
"St. Lucia";2015;53;"F"
"St. Vincent and the Grenadines";2015;54;"F"
"Sudan";2015;4;"NF"
"Suriname";2015;44;"F"
"Sweden";2015;59;"F"
"Switzerland";2015;57;"F"
"Syria";2015;2;"NF"
"Taiwan";2015;51;"F"
"Tajikistan";2015;15;"NF"
"Tanzania";2015;35;"PF"
"Thailand";2015;25;"NF"
"The Gambia";2015;13;"NF"
"Tibet";2015;3;"NF"
"Timor-Leste";2015;36;"PF"
"Togo";2015;29;"PF"
"Tonga";2015;44;"F"
"Transnistria";2015;14;"NF"
"Trinidad and Tobago";2015;48;"F"
"Tunisia";2015;43;"F"
"Turkey";2015;29;"PF"
"Turkmenistan";2015;5;"NF"
"Tuvalu";2015;57;"F"
"Uganda";2015;25;"NF"
"Ukraine";2015;37;"PF"
"United Arab Emirates";2015;13;"NF"
"United Kingdom";2015;57;"F"
"United States";2015;55;"F"
"Uruguay";2015;58;"F"
"Uzbekistan";2015;4;"NF"
"Vanuatu";2015;47;"F"
"Venezuela";2015;22;"PF"
"Vietnam";2015;17;"NF"
"West Bank";2015;25;"NF"
"Western Sahara";2015;7;"NF"
"Yemen";2015;16;"NF"
"Zambia";2015;34;"PF"
"Zimbabwe";2015;16;"NF"
"Abkhazia";2014;22;"PF"
"Afghanistan";2014;15;"NF"
"Albania";2014;40;"PF"
"Algeria";2014;23;"NF"
"Andorra";2014;57;"F"
"Angola";2014;18;"NF"
"Antigua and Barbuda";2014;49;"F"
"Argentina";2014;49;"F"
"Armenia";2014;29;"PF"
"Australia";2014;58;"F"
"Austria";2014;58;"F"
"Azerbaijan";2014;16;"NF"
"Bahamas";2014;58;"F"
"Bahrain";2014;10;"NF"
"Bangladesh";2014;29;"PF"
"Barbados";2014;59;"F"
"Belarus";2014;10;"NF"
"Belgium";2014;57;"F"
"Belize";2014;51;"F"
"Benin";2014;48;"F"
"Bhutan";2014;27;"PF"
"Bolivia";2014;38;"PF"
"Bosnia and Herzegovina";2014;37;"PF"
"Botswana";2014;46;"F"
"Brazil";2014;48;"F"
"Brunei";2014;23;"NF"
"Bulgaria";2014;47;"F"
"Burkina Faso";2014;36;"PF"
"Burundi";2014;22;"PF"
"Cabo Verde";2014;53;"F"
"Cambodia";2014;20;"NF"
"Cameroon";2014;16;"NF"
"Canada";2014;59;"F"
"Central African Republic";2014;6;"NF"
"Chad";2014;16;"NF"
"Chile";2014;56;"F"
"China";2014;15;"NF"
"Colombia";2014;34;"PF"
"Comoros";2014;30;"PF"
"Congo (Brazzaville)";2014;23;"NF"
"Congo (Kinshasa)";2014;11;"NF"
"Costa Rica";2014;53;"F"
"Cote d'Ivoire";2014;28;"PF"
"Croatia";2014;50;"F"
"Cuba";2014;11;"NF"
"Cyprus";2014;55;"F"
"Czech Republic";2014;57;"F"
"Denmark";2014;58;"F"
"Djibouti";2014;20;"NF"
"Dominica";2014;57;"F"
"Dominican Republic";2014;43;"F"
"Ecuador";2014;36;"PF"
"Egypt";2014;22;"NF"
"El Salvador";2014;42;"F"
"Equatorial Guinea";2014;7;"NF"
"Eritrea";2014;2;"NF"
"Estonia";2014;56;"F"
"Eswatini";2014;19;"NF"
"Ethiopia";2014;11;"NF"
"Fiji";2014;30;"PF"
"Finland";2014;60;"F"
"France";2014;57;"F"
"Gabon";2014;25;"NF"
"Gaza Strip";2014;10;"NF"
"Georgia";2014;38;"PF"
"Germany";2014;57;"F"
"Ghana";2014;47;"F"
"Greece";2014;48;"F"
"Grenada";2014;51;"F"
"Guatemala";2014;32;"PF"
"Guinea";2014;24;"PF"
"Guinea-Bissau";2014;23;"NF"
"Guyana";2014;41;"F"
"Haiti";2014;25;"PF"
"Honduras";2014;31;"PF"
"Hong Kong";2014;51;"PF"
"Hungary";2014;52;"F"
"Iceland";2014;60;"F"
"India";2014;43;"F"
"Indian Kashmir";2014;29;"PF"
"Indonesia";2014;34;"PF"
"Iran";2014;10;"NF"
"Iraq";2014;13;"NF"
"Ireland";2014;58;"F"
"Israel";2014;45;"F"
"Italy";2014;53;"F"
"Jamaica";2014;40;"F"
"Japan";2014;53;"F"
"Jordan";2014;24;"NF"
"Kazakhstan";2014;19;"NF"
"Kenya";2014;31;"PF"
"Kiribati";2014;55;"F"
"Kosovo";2014;26;"PF"
"Kuwait";2014;23;"PF"
"Kyrgyzstan";2014;25;"PF"
"Laos";2014;11;"NF"
"Latvia";2014;51;"F"
"Lebanon";2014;32;"PF"
"Lesotho";2014;41;"F"
"Liberia";2014;33;"PF"
"Libya";2014;20;"PF"
"Liechtenstein";2014;59;"F"
"Lithuania";2014;53;"F"
"Luxembourg";2014;60;"F"
"Madagascar";2014;28;"PF"
"Malawi";2014;34;"PF"
"Malaysia";2014;28;"PF"
"Maldives";2014;29;"PF"
"Mali";2014;27;"PF"
"Malta";2014;58;"F"
"Marshall Islands";2014;55;"F"
"Mauritania";2014;23;"NF"
"Mauritius";2014;52;"F"
"Mexico";2014;37;"PF"
"Micronesia";2014;56;"F"
"Moldova";2014;35;"PF"
"Monaco";2014;57;"F"
"Mongolia";2014;50;"F"
"Montenegro";2014;45;"F"
"Morocco";2014;27;"PF"
"Mozambique";2014;35;"PF"
"Myanmar";2014;17;"NF"
"Nagorno-Karabakh";2014;19;"PF"
"Namibia";2014;46;"F"
"Nauru";2014;54;"F"
"Nepal";2014;27;"PF"
"Netherlands";2014;59;"F"
"New Zealand";2014;58;"F"
"Nicaragua";2014;35;"PF"
"Niger";2014;30;"PF"
"Nigeria";2014;26;"PF"
"North Korea";2014;3;"NF"
"North Macedonia";2014;38;"PF"
"Northern Cyprus";2014;47;"F"
"Norway";2014;60;"F"
"Oman";2014;17;"NF"
"Pakistan";2014;21;"PF"
"Pakistani Kashmir";2014;21;"NF"
"Palau";2014;55;"F"
"Panama";2014;47;"F"
"Papua New Guinea";2014;36;"PF"
"Paraguay";2014;35;"PF"
"Peru";2014;41;"F"
"Philippines";2014;37;"PF"
"Poland";2014;55;"F"
"Portugal";2014;58;"F"
"Puerto Rico";2014;52;"F"
"Qatar";2014;18;"NF"
"Romania";2014;49;"F"
"Russia";2014;19;"NF"
"Rwanda";2014;17;"NF"
"Samoa";2014;49;"F"
"San Marino";2014;60;"F"
"Sao Tome and Principe";2014;47;"F"
"Saudi Arabia";2014;7;"NF"
"Senegal";2014;46;"F"
"Serbia";2014;48;"F"
"Seychelles";2014;42;"PF"
"Sierra Leone";2014;38;"PF"
"Singapore";2014;32;"PF"
"Slovakia";2014;54;"F"
"Slovenia";2014;53;"F"
"Solomon Islands";2014;43;"PF"
"Somalia";2014;2;"NF"
"Somaliland";2014;25;"PF"
"South Africa";2014;48;"F"
"South Korea";2014;50;"F"
"South Ossetia";2014;8;"NF"
"South Sudan";2014;16;"NF"
"Spain";2014;57;"F"
"Sri Lanka";2014;26;"PF"
"St. Kitts and Nevis";2014;53;"F"
"St. Lucia";2014;53;"F"
"St. Vincent and the Grenadines";2014;53;"F"
"Sudan";2014;5;"NF"
"Suriname";2014;44;"F"
"Sweden";2014;59;"F"
"Switzerland";2014;57;"F"
"Syria";2014;3;"NF"
"Taiwan";2014;52;"F"
"Tajikistan";2014;16;"NF"
"Tanzania";2014;35;"PF"
"Thailand";2014;32;"PF"
"The Gambia";2014;14;"NF"
"Tibet";2014;3;"NF"
"Timor-Leste";2014;34;"PF"
"Togo";2014;29;"PF"
"Tonga";2014;44;"F"
"Transnistria";2014;14;"NF"
"Trinidad and Tobago";2014;48;"F"
"Tunisia";2014;36;"PF"
"Turkey";2014;32;"PF"
"Turkmenistan";2014;6;"NF"
"Tuvalu";2014;57;"F"
"Uganda";2014;26;"PF"
"Ukraine";2014;35;"PF"
"United Arab Emirates";2014;13;"NF"
"United Kingdom";2014;57;"F"
"United States";2014;55;"F"
"Uruguay";2014;58;"F"
"Uzbekistan";2014;4;"NF"
"Vanuatu";2014;47;"F"
"Venezuela";2014;24;"PF"
"Vietnam";2014;17;"NF"
"West Bank";2014;24;"NF"
"Western Sahara";2014;7;"NF"
"Yemen";2014;16;"NF"
"Zambia";2014;34;"PF"
"Zimbabwe";2014;16;"NF"
"Abkhazia";2013;22;"PF"
"Afghanistan";2013;16;"NF"
"Albania";2013;39;"PF"
"Algeria";2013;24;"NF"
"Andorra";2013;57;"F"
"Angola";2013;19;"NF"
"Antigua and Barbuda";2013;49;"F"
"Argentina";2013;49;"F"
"Armenia";2013;29;"PF"
"Australia";2013;58;"F"
"Austria";2013;58;"F"
"Azerbaijan";2013;17;"NF"
"Bahamas";2013;58;"F"
"Bahrain";2013;12;"NF"
"Bangladesh";2013;31;"PF"
"Barbados";2013;59;"F"
"Belarus";2013;10;"NF"
"Belgium";2013;57;"F"
"Belize";2013;51;"F"
"Benin";2013;50;"F"
"Bhutan";2013;24;"PF"
"Bolivia";2013;40;"PF"
"Bosnia and Herzegovina";2013;37;"PF"
"Botswana";2013;46;"F"
"Brazil";2013;48;"F"
"Brunei";2013;23;"NF"
"Bulgaria";2013;47;"F"
"Burkina Faso";2013;36;"PF"
"Burundi";2013;22;"PF"
"Cabo Verde";2013;53;"F"
"Cambodia";2013;20;"NF"
"Cameroon";2013;16;"NF"
"Canada";2013;58;"F"
"Central African Republic";2013;19;"PF"
"Chad";2013;16;"NF"
"Chile";2013;57;"F"
"China";2013;15;"NF"
"Colombia";2013;34;"PF"
"Comoros";2013;30;"PF"
"Congo (Brazzaville)";2013;22;"NF"
"Congo (Kinshasa)";2013;11;"NF"
"Costa Rica";2013;53;"F"
"Cote d'Ivoire";2013;21;"PF"
"Croatia";2013;50;"F"
"Cuba";2013;10;"NF"
"Cyprus";2013;55;"F"
"Czech Republic";2013;57;"F"
"Denmark";2013;58;"F"
"Djibouti";2013;20;"NF"
"Dominica";2013;57;"F"
"Dominican Republic";2013;44;"F"
"Ecuador";2013;36;"PF"
"Egypt";2013;25;"PF"
"El Salvador";2013;42;"F"
"Equatorial Guinea";2013;7;"NF"
"Eritrea";2013;2;"NF"
"Estonia";2013;56;"F"
"Eswatini";2013;20;"NF"
"Ethiopia";2013;11;"NF"
"Fiji";2013;30;"PF"
"Finland";2013;60;"F"
"France";2013;57;"F"
"Gabon";2013;25;"NF"
"Gaza Strip";2013;10;"NF"
"Georgia";2013;36;"PF"
"Germany";2013;57;"F"
"Ghana";2013;47;"F"
"Greece";2013;48;"F"
"Grenada";2013;51;"F"
"Guatemala";2013;33;"PF"
"Guinea";2013;24;"PF"
"Guinea-Bissau";2013;23;"NF"
"Guyana";2013;40;"F"
"Haiti";2013;24;"PF"
"Honduras";2013;33;"PF"
"Hong Kong";2013;51;"PF"
"Hungary";2013;52;"F"
"Iceland";2013;60;"F"
"India";2013;42;"F"
"Indian Kashmir";2013;29;"PF"
"Indonesia";2013;35;"F"
"Iran";2013;10;"NF"
"Iraq";2013;13;"NF"
"Ireland";2013;58;"F"
"Israel";2013;45;"F"
"Italy";2013;53;"F"
"Jamaica";2013;40;"F"
"Japan";2013;51;"F"
"Jordan";2013;24;"NF"
"Kazakhstan";2013;20;"NF"
"Kenya";2013;34;"PF"
"Kiribati";2013;55;"F"
"Kosovo";2013;26;"PF"
"Kuwait";2013;24;"PF"
"Kyrgyzstan";2013;25;"PF"
"Laos";2013;11;"NF"
"Latvia";2013;51;"F"
"Lebanon";2013;32;"PF"
"Lesotho";2013;41;"F"
"Liberia";2013;34;"PF"
"Libya";2013;21;"PF"
"Liechtenstein";2013;59;"F"
"Lithuania";2013;53;"F"
"Luxembourg";2013;60;"F"
"Madagascar";2013;28;"PF"
"Malawi";2013;34;"PF"
"Malaysia";2013;28;"PF"
"Maldives";2013;29;"PF"
"Mali";2013;19;"NF"
"Malta";2013;58;"F"
"Marshall Islands";2013;55;"F"
"Mauritania";2013;23;"NF"
"Mauritius";2013;52;"F"
"Mexico";2013;37;"PF"
"Micronesia";2013;56;"F"
"Moldova";2013;36;"PF"
"Monaco";2013;56;"F"
"Mongolia";2013;50;"F"
"Montenegro";2013;45;"F"
"Morocco";2013;27;"PF"
"Mozambique";2013;36;"PF"
"Myanmar";2013;17;"NF"
"Nagorno-Karabakh";2013;19;"PF"
"Namibia";2013;46;"F"
"Nauru";2013;55;"F"
"Nepal";2013;27;"PF"
"Netherlands";2013;59;"F"
"New Zealand";2013;58;"F"
"Nicaragua";2013;34;"PF"
"Niger";2013;30;"PF"
"Nigeria";2013;26;"PF"
"North Korea";2013;3;"NF"
"North Macedonia";2013;38;"PF"
"Northern Cyprus";2013;46;"F"
"Norway";2013;60;"F"
"Oman";2013;17;"NF"
"Pakistan";2013;22;"PF"
"Pakistani Kashmir";2013;21;"NF"
"Palau";2013;55;"F"
"Panama";2013;46;"F"
"Papua New Guinea";2013;36;"PF"
"Paraguay";2013;35;"PF"
"Peru";2013;41;"F"
"Philippines";2013;37;"PF"
"Poland";2013;55;"F"
"Portugal";2013;58;"F"
"Puerto Rico";2013;52;"F"
"Qatar";2013;18;"NF"
"Romania";2013;49;"F"
"Russia";2013;20;"NF"
"Rwanda";2013;16;"NF"
"Samoa";2013;49;"F"
"San Marino";2013;60;"F"
"Sao Tome and Principe";2013;47;"F"
"Saudi Arabia";2013;7;"NF"
"Senegal";2013;43;"F"
"Serbia";2013;48;"F"
"Seychelles";2013;42;"PF"
"Sierra Leone";2013;40;"F"
"Singapore";2013;33;"PF"
"Slovakia";2013;55;"F"
"Slovenia";2013;53;"F"
"Solomon Islands";2013;43;"PF"
"Somalia";2013;2;"NF"
"Somaliland";2013;25;"PF"
"South Africa";2013;47;"F"
"South Korea";2013;50;"F"
"South Ossetia";2013;8;"NF"
"South Sudan";2013;20;"NF"
"Spain";2013;57;"F"
"Sri Lanka";2013;27;"PF"
"St. Kitts and Nevis";2013;53;"F"
"St. Lucia";2013;54;"F"
"St. Vincent and the Grenadines";2013;53;"F"
"Sudan";2013;5;"NF"
"Suriname";2013;44;"F"
"Sweden";2013;60;"F"
"Switzerland";2013;57;"F"
"Syria";2013;6;"NF"
"Taiwan";2013;52;"F"
"Tajikistan";2013;16;"NF"
"Tanzania";2013;38;"PF"
"Thailand";2013;31;"PF"
"The Gambia";2013;16;"NF"
"Tibet";2013;3;"NF"
"Timor-Leste";2013;34;"PF"
"Togo";2013;27;"PF"
"Tonga";2013;44;"F"
"Transnistria";2013;15;"NF"
"Trinidad and Tobago";2013;48;"F"
"Tunisia";2013;33;"PF"
"Turkey";2013;33;"PF"
"Turkmenistan";2013;6;"NF"
"Tuvalu";2013;57;"F"
"Uganda";2013;28;"PF"
"Ukraine";2013;36;"PF"
"United Arab Emirates";2013;14;"NF"
"United Kingdom";2013;57;"F"
"United States";2013;56;"F"
"Uruguay";2013;58;"F"
"Uzbekistan";2013;4;"NF"
"Vanuatu";2013;47;"F"
"Venezuela";2013;24;"PF"
"Vietnam";2013;17;"NF"
"West Bank";2013;24;"NF"
"Western Sahara";2013;7;"NF"
"Yemen";2013;16;"NF"
"Zambia";2013;34;"PF"
"Zimbabwe";2013;14;"NF"
