"Country";"Edition";"Region";"C";"D"
"Abkhazia";2022;"Eurasia";4;8
"Afghanistan";2022;"Asia";1;4
"Albania";2022;"Europe";7;13
"Algeria";2022;"Africa";3;6
"Andorra";2022;"Europe";11;14
"Angola";2022;"Africa";2;7
"Antigua and Barbuda";2022;"Americas";8;15
"Argentina";2022;"Americas";8;15
"Armenia";2022;"Eurasia";6;9
"Australia";2022;"Asia";12;15
"Austria";2022;"Europe";10;14
"Azerbaijan";2022;"Eurasia";0;2
"Bahamas";2022;"Americas";10;15
"Bahrain";2022;"Middle East";2;2
"Bangladesh";2022;"Asia";4;6
"Barbados";2022;"Americas";10;16
"Belarus";2022;"Eurasia";1;1
"Belgium";2022;"Europe";11;15
"Belize";2022;"Americas";8;16
"Benin";2022;"Africa";5;14
"Bhutan";2022;"Asia";8;9
"Bolivia";2022;"Americas";7;14
"Bosnia and Herzegovina";2022;"Europe";4;10
"Botswana";2022;"Africa";8;12
"Brazil";2022;"Americas";7;13
"Brunei";2022;"Asia";4;6
"Bulgaria";2022;"Europe";8;13
"Burkina Faso";2022;"Africa";6;11
"Burundi";2022;"Africa";0;4
"Cabo Verde";2022;"Africa";10;16
"Cambodia";2022;"Asia";2;7
"Cameroon";2022;"Africa";2;4
"Canada";2022;"Americas";12;15
"Central African Republic";2022;"Africa";0;3
"Chad";2022;"Africa";0;6
"Chile";2022;"Americas";11;16
"China";2022;"Asia";1;1
"Colombia";2022;"Americas";8;12
"Comoros";2022;"Africa";4;8
"Congo (Brazzaville)";2022;"Africa";0;6
"Congo (Kinshasa)";2022;"Africa";1;7
"Costa Rica";2022;"Americas";11;16
"Cote d'Ivoire";2022;"Africa";4;10
"Crimea";2022;"Eurasia";0;2
"Croatia";2022;"Europe";10;13
"Cuba";2022;"Americas";1;4
"Cyprus";2022;"Europe";11;15
"Czech Republic";2022;"Europe";9;14
"Denmark";2022;"Europe";12;16
"Djibouti";2022;"Africa";0;6
"Dominica";2022;"Americas";10;15
"Dominican Republic";2022;"Americas";7;14
"Eastern Donbas";2022;"Eurasia";0;2
"Ecuador";2022;"Americas";7;13
"Egypt";2022;"Africa";2;3
"El Salvador";2022;"Americas";4;11
"Equatorial Guinea";2022;"Africa";0;2
"Eritrea";2022;"Africa";1;1
"Estonia";2022;"Europe";11;16
"Eswatini";2022;"Africa";0;5
"Ethiopia";2022;"Africa";4;4
"Fiji";2022;"Asia";7;11
"Finland";2022;"Europe";12;16
"France";2022;"Europe";11;14
"Gabon";2022;"Africa";1;7
"Gaza Strip";2022;"Middle East";1;4
"Georgia";2022;"Eurasia";7;9
"Germany";2022;"Europe";12;14
"Ghana";2022;"Africa";10;14
"Greece";2022;"Europe";10;14
"Grenada";2022;"Americas";10;15
"Guatemala";2022;"Americas";4;11
"Guinea";2022;"Africa";2;10
"Guinea-Bissau";2022;"Africa";2;10
"Guyana";2022;"Americas";8;15
"Haiti";2022;"Americas";3;9
"Honduras";2022;"Americas";4;9
"Hong Kong";2022;"Asia";5;8
"Hungary";2022;"Europe";6;10
"Iceland";2022;"Europe";10;15
"India";2022;"Asia";9;9
"Indian Kashmir";2022;"Asia";2;6
"Indonesia";2022;"Asia";6;9
"Iran";2022;"Middle East";0;2
"Iraq";2022;"Middle East";2;4
"Ireland";2022;"Europe";11;16
"Israel";2022;"Middle East";9;12
"Italy";2022;"Europe";10;15
"Jamaica";2022;"Americas";9;15
"Japan";2022;"Asia";12;15
"Jordan";2022;"Middle East";3;7
"Kazakhstan";2022;"Eurasia";1;4
"Kenya";2022;"Africa";5;10
"Kiribati";2022;"Asia";10;16
"Kosovo";2022;"Europe";5;9
"Kuwait";2022;"Middle East";4;6
"Kyrgyzstan";2022;"Eurasia";0;10
"Laos";2022;"Asia";2;3
"Latvia";2022;"Europe";10;14
"Lebanon";2022;"Middle East";1;10
"Lesotho";2022;"Africa";6;12
"Liberia";2022;"Africa";7;11
"Libya";2022;"Africa";0;4
"Liechtenstein";2022;"Europe";10;16
"Lithuania";2022;"Europe";10;15
"Luxembourg";2022;"Europe";10;16
"Madagascar";2022;"Africa";7;11
"Malawi";2022;"Africa";8;13
"Malaysia";2022;"Asia";5;8
"Maldives";2022;"Asia";4;3
"Mali";2022;"Africa";2;10
"Malta";2022;"Europe";9;14
"Marshall Islands";2022;"Asia";10;16
"Mauritania";2022;"Africa";4;9
"Mauritius";2022;"Africa";10;14
"Mexico";2022;"Americas";5;12
"Micronesia";2022;"Asia";10;16
"Moldova";2022;"Eurasia";5;12
"Monaco";2022;"Europe";9;16
"Mongolia";2022;"Asia";9;14
"Montenegro";2022;"Europe";6;12
"Morocco";2022;"Africa";3;7
"Mozambique";2022;"Africa";4;9
"Myanmar";2022;"Asia";1;3
"Nagorno-Karabakh";2022;"Eurasia";3;7
"Namibia";2022;"Africa";8;14
"Nauru";2022;"Asia";8;13
"Nepal";2022;"Asia";5;10
"Netherlands";2022;"Europe";11;16
"New Zealand";2022;"Asia";12;16
"Nicaragua";2022;"Americas";2;5
"Niger";2022;"Africa";6;10
"Nigeria";2022;"Africa";5;9
"North Korea";2022;"Asia";0;0
"North Macedonia";2022;"Europe";7;12
"Northern Cyprus";2022;"Europe";6;15
"Norway";2022;"Europe";12;16
"Oman";2022;"Middle East";2;5
"Pakistan";2022;"Asia";4;6
"Pakistani Kashmir";2022;"Asia";3;6
"Palau";2022;"Asia";10;16
"Panama";2022;"Americas";8;15
"Papua New Guinea";2022;"Asia";3;14
"Paraguay";2022;"Americas";6;12
"Peru";2022;"Americas";7;15
"Philippines";2022;"Asia";6;11
"Poland";2022;"Europe";8;13
"Portugal";2022;"Europe";11;16
"Qatar";2022;"Middle East";3;7
"Romania";2022;"Europe";9;13
"Russia";2022;"Eurasia";2;3
"Rwanda";2022;"Africa";4;3
"Samoa";2022;"Asia";9;14
"San Marino";2022;"Europe";11;15
"Sao Tome and Principe";2022;"Africa";9;15
"Saudi Arabia";2022;"Middle East";1;2
"Senegal";2022;"Africa";8;13
"Serbia";2022;"Europe";5;12
"Seychelles";2022;"Africa";9;14
"Sierra Leone";2022;"Africa";7;12
"Singapore";2022;"Asia";7;7
"Slovakia";2022;"Europe";10;15
"Slovenia";2022;"Europe";10;14
"Solomon Islands";2022;"Asia";7;16
"Somalia";2022;"Africa";0;3
"Somaliland";2022;"Africa";5;8
"South Africa";2022;"Africa";8;15
"South Korea";2022;"Asia";9;14
"South Ossetia";2022;"Eurasia";0;3
"South Sudan";2022;"Africa";0;2
"Spain";2022;"Europe";9;14
"Sri Lanka";2022;"Asia";5;8
"St. Kitts and Nevis";2022;"Americas";10;16
"St. Lucia";2022;"Americas";11;15
"St. Vincent and the Grenadines";2022;"Americas";10;15
"Sudan";2022;"Africa";0;5
"Suriname";2022;"Americas";9;15
"Sweden";2022;"Europe";12;16
"Switzerland";2022;"Europe";12;15
"Syria";2022;"Middle East";0;3
"Taiwan";2022;"Asia";11;16
"Tajikistan";2022;"Eurasia";0;1
"Tanzania";2022;"Africa";4;7
"Thailand";2022;"Asia";2;6
"The Gambia";2022;"Africa";4;8
"Tibet";2022;"Asia";1;0
"Timor-Leste";2022;"Asia";8;14
"Togo";2022;"Africa";5;9
"Tonga";2022;"Asia";7;14
"Transnistria";2022;"Eurasia";1;4
"Trinidad and Tobago";2022;"Americas";9;16
"Tunisia";2022;"Africa";4;12
"Turkey";2022;"Europe";3;5
"Turkmenistan";2022;"Eurasia";0;0
"Tuvalu";2022;"Asia";10;16
"Uganda";2022;"Africa";3;8
"Ukraine";2022;"Eurasia";5;11
"United Arab Emirates";2022;"Middle East";2;3
"United Kingdom";2022;"Europe";11;14
"United States";2022;"Americas";9;14
"Uruguay";2022;"Americas";12;16
"Uzbekistan";2022;"Eurasia";1;3
"Vanuatu";2022;"Asia";8;14
"Venezuela";2022;"Americas";0;6
"Vietnam";2022;"Asia";2;3
"West Bank";2022;"Middle East";2;6
"Western Sahara";2022;"Africa";0;3
"Yemen";2022;"Middle East";0;2
"Zambia";2022;"Africa";4;8
"Zimbabwe";2022;"Africa";3;7
"Abkhazia";2021;"Eurasia";4;8
"Afghanistan";2021;"Asia";3;6
"Albania";2021;"Europe";7;13
"Algeria";2021;"Africa";3;6
"Andorra";2021;"Europe";11;14
"Angola";2021;"Africa";2;7
"Antigua and Barbuda";2021;"Americas";8;15
"Argentina";2021;"Americas";8;15
"Armenia";2021;"Eurasia";6;9
"Australia";2021;"Asia";12;15
"Austria";2021;"Europe";10;14
"Azerbaijan";2021;"Eurasia";0;2
"Bahamas";2021;"Americas";10;15
"Bahrain";2021;"Middle East";2;2
"Bangladesh";2021;"Asia";4;6
"Barbados";2021;"Americas";10;16
"Belarus";2021;"Eurasia";1;2
"Belgium";2021;"Europe";11;15
"Belize";2021;"Americas";8;16
"Benin";2021;"Africa";7;14
"Bhutan";2021;"Asia";9;9
"Bolivia";2021;"Americas";7;14
"Bosnia and Herzegovina";2021;"Europe";4;10
"Botswana";2021;"Africa";8;12
"Brazil";2021;"Americas";7;14
"Brunei";2021;"Asia";4;6
"Bulgaria";2021;"Europe";8;13
"Burkina Faso";2021;"Africa";6;11
"Burundi";2021;"Africa";0;4
"Cabo Verde";2021;"Africa";10;16
"Cambodia";2021;"Asia";2;7
"Cameroon";2021;"Africa";3;4
"Canada";2021;"Americas";12;15
"Central African Republic";2021;"Africa";0;4
"Chad";2021;"Africa";1;6
"Chile";2021;"Americas";11;16
"China";2021;"Asia";1;1
"Colombia";2021;"Americas";8;12
"Comoros";2021;"Africa";4;8
"Congo (Brazzaville)";2021;"Africa";0;7
"Congo (Kinshasa)";2021;"Africa";2;7
"Costa Rica";2021;"Americas";11;16
"Cote d'Ivoire";2021;"Africa";4;9
"Crimea";2021;"Eurasia";0;2
"Croatia";2021;"Europe";10;13
"Cuba";2021;"Americas";1;4
"Cyprus";2021;"Europe";11;15
"Czech Republic";2021;"Europe";9;14
"Denmark";2021;"Europe";12;16
"Djibouti";2021;"Africa";0;6
"Dominica";2021;"Americas";10;15
"Dominican Republic";2021;"Americas";7;14
"Eastern Donbas";2021;"Eurasia";0;2
"Ecuador";2021;"Americas";7;13
"Egypt";2021;"Africa";2;3
"El Salvador";2021;"Americas";6;11
"Equatorial Guinea";2021;"Africa";0;2
"Eritrea";2021;"Africa";1;0
"Estonia";2021;"Europe";11;16
"Eswatini";2021;"Africa";0;5
"Ethiopia";2021;"Africa";3;4
"Fiji";2021;"Asia";7;12
"Finland";2021;"Europe";12;16
"France";2021;"Europe";11;14
"Gabon";2021;"Africa";1;8
"Gaza Strip";2021;"Middle East";1;4
"Georgia";2021;"Eurasia";7;10
"Germany";2021;"Europe";12;14
"Ghana";2021;"Africa";10;14
"Greece";2021;"Europe";10;14
"Grenada";2021;"Americas";10;15
"Guatemala";2021;"Americas";4;11
"Guinea";2021;"Africa";3;10
"Guinea-Bissau";2021;"Africa";2;10
"Guyana";2021;"Americas";8;15
"Haiti";2021;"Americas";4;10
"Honduras";2021;"Americas";4;9
"Hong Kong";2021;"Asia";6;9
"Hungary";2021;"Europe";6;10
"Iceland";2021;"Europe";10;15
"India";2021;"Asia";9;9
"Indian Kashmir";2021;"Asia";2;6
"Indonesia";2021;"Asia";6;9
"Iran";2021;"Middle East";1;2
"Iraq";2021;"Middle East";2;4
"Ireland";2021;"Europe";11;16
"Israel";2021;"Middle East";8;12
"Italy";2021;"Europe";10;15
"Jamaica";2021;"Americas";9;15
"Japan";2021;"Asia";12;15
"Jordan";2021;"Middle East";3;7
"Kazakhstan";2021;"Eurasia";1;4
"Kenya";2021;"Africa";5;10
"Kiribati";2021;"Asia";10;16
"Kosovo";2021;"Europe";5;9
"Kuwait";2021;"Middle East";4;6
"Kyrgyzstan";2021;"Eurasia";0;10
"Laos";2021;"Asia";2;3
"Latvia";2021;"Europe";10;14
"Lebanon";2021;"Middle East";1;11
"Lesotho";2021;"Africa";6;12
"Liberia";2021;"Africa";7;11
"Libya";2021;"Africa";0;4
"Liechtenstein";2021;"Europe";10;16
"Lithuania";2021;"Europe";10;15
"Luxembourg";2021;"Europe";10;16
"Madagascar";2021;"Africa";7;10
"Malawi";2021;"Africa";8;13
"Malaysia";2021;"Asia";6;8
"Maldives";2021;"Asia";4;3
"Mali";2021;"Africa";2;10
"Malta";2021;"Europe";9;14
"Marshall Islands";2021;"Asia";10;16
"Mauritania";2021;"Africa";4;9
"Mauritius";2021;"Africa";10;14
"Mexico";2021;"Americas";5;13
"Micronesia";2021;"Asia";10;16
"Moldova";2021;"Eurasia";5;12
"Monaco";2021;"Europe";8;16
"Mongolia";2021;"Asia";9;14
"Montenegro";2021;"Europe";5;10
"Morocco";2021;"Africa";3;7
"Mozambique";2021;"Africa";4;9
"Myanmar";2021;"Asia";4;5
"Nagorno-Karabakh";2021;"Eurasia";3;7
"Namibia";2021;"Africa";8;14
"Nauru";2021;"Asia";8;13
"Nepal";2021;"Asia";5;10
"Netherlands";2021;"Europe";12;16
"New Zealand";2021;"Asia";12;16
"Nicaragua";2021;"Americas";3;7
"Niger";2021;"Africa";6;10
"Nigeria";2021;"Africa";5;9
"North Korea";2021;"Asia";0;0
"North Macedonia";2021;"Europe";7;12
"Northern Cyprus";2021;"Europe";7;15
"Norway";2021;"Europe";12;16
"Oman";2021;"Middle East";2;5
"Pakistan";2021;"Asia";4;6
"Pakistani Kashmir";2021;"Asia";3;6
"Palau";2021;"Asia";10;16
"Panama";2021;"Americas";8;15
"Papua New Guinea";2021;"Asia";3;14
"Paraguay";2021;"Americas";6;12
"Peru";2021;"Americas";6;15
"Philippines";2021;"Asia";6;12
"Poland";2021;"Europe";8;13
"Portugal";2021;"Europe";11;16
"Qatar";2021;"Middle East";3;7
"Romania";2021;"Europe";9;13
"Russia";2021;"Eurasia";2;3
"Rwanda";2021;"Africa";4;3
"Samoa";2021;"Asia";9;14
"San Marino";2021;"Europe";11;15
"Sao Tome and Principe";2021;"Africa";9;15
"Saudi Arabia";2021;"Middle East";1;2
"Senegal";2021;"Africa";8;13
"Serbia";2021;"Europe";5;12
"Seychelles";2021;"Africa";9;12
"Sierra Leone";2021;"Africa";7;12
"Singapore";2021;"Asia";7;8
"Slovakia";2021;"Europe";10;15
"Slovenia";2021;"Europe";11;15
"Solomon Islands";2021;"Asia";7;16
"Somalia";2021;"Africa";0;3
"Somaliland";2021;"Africa";4;6
"South Africa";2021;"Africa";8;15
"South Korea";2021;"Asia";9;14
"South Ossetia";2021;"Eurasia";0;3
"South Sudan";2021;"Africa";0;2
"Spain";2021;"Europe";9;14
"Sri Lanka";2021;"Asia";5;8
"St. Kitts and Nevis";2021;"Americas";10;16
"St. Lucia";2021;"Americas";10;15
"St. Vincent and the Grenadines";2021;"Americas";10;15
"Sudan";2021;"Africa";0;7
"Suriname";2021;"Americas";9;15
"Sweden";2021;"Europe";12;16
"Switzerland";2021;"Europe";12;15
"Syria";2021;"Middle East";0;3
"Taiwan";2021;"Asia";11;16
"Tajikistan";2021;"Eurasia";0;1
"Tanzania";2021;"Africa";4;7
"Thailand";2021;"Asia";2;6
"The Gambia";2021;"Africa";4;8
"Tibet";2021;"Asia";1;0
"Timor-Leste";2021;"Asia";8;14
"Togo";2021;"Africa";5;9
"Tonga";2021;"Asia";7;14
"Transnistria";2021;"Eurasia";2;4
"Trinidad and Tobago";2021;"Americas";9;16
"Tunisia";2021;"Africa";6;12
"Turkey";2021;"Europe";3;5
"Turkmenistan";2021;"Eurasia";0;0
"Tuvalu";2021;"Asia";10;16
"Uganda";2021;"Africa";3;8
"Ukraine";2021;"Eurasia";5;11
"United Arab Emirates";2021;"Middle East";2;3
"United Kingdom";2021;"Europe";11;14
"United States";2021;"Americas";8;15
"Uruguay";2021;"Americas";12;16
"Uzbekistan";2021;"Eurasia";1;3
"Vanuatu";2021;"Asia";8;14
"Venezuela";2021;"Americas";0;6
"Vietnam";2021;"Asia";2;3
"West Bank";2021;"Middle East";2;7
"Western Sahara";2021;"Africa";0;3
"Yemen";2021;"Middle East";0;3
"Zambia";2021;"Africa";4;9
"Zimbabwe";2021;"Africa";3;7
"Abkhazia";2020;"Eurasia";4;8
"Afghanistan";2020;"Asia";3;6
"Albania";2020;"Europe";7;13
"Algeria";2020;"Africa";3;7
"Andorra";2020;"Europe";12;14
"Angola";2020;"Africa";2;7
"Antigua and Barbuda";2020;"Americas";8;15
"Argentina";2020;"Americas";8;15
"Armenia";2020;"Eurasia";5;9
"Australia";2020;"Asia";12;15
"Austria";2020;"Europe";10;14
"Azerbaijan";2020;"Eurasia";0;2
"Bahamas";2020;"Americas";10;15
"Bahrain";2020;"Middle East";2;2
"Bangladesh";2020;"Asia";4;6
"Barbados";2020;"Americas";10;16
"Belarus";2020;"Eurasia";2;2
"Belgium";2020;"Europe";11;15
"Belize";2020;"Americas";9;15
"Benin";2020;"Africa";7;15
"Bhutan";2020;"Asia";9;9
"Bolivia";2020;"Americas";7;14
"Bosnia and Herzegovina";2020;"Europe";4;10
"Botswana";2020;"Africa";8;12
"Brazil";2020;"Americas";7;14
"Brunei";2020;"Asia";4;6
"Bulgaria";2020;"Europe";9;13
"Burkina Faso";2020;"Africa";6;11
"Burundi";2020;"Africa";0;4
"Cabo Verde";2020;"Africa";10;16
"Cambodia";2020;"Asia";2;8
"Cameroon";2020;"Africa";3;4
"Canada";2020;"Americas";12;15
"Central African Republic";2020;"Africa";0;4
"Chad";2020;"Africa";1;6
"Chile";2020;"Americas";11;15
"China";2020;"Asia";2;1
"Colombia";2020;"Americas";8;12
"Comoros";2020;"Africa";4;8
"Congo (Brazzaville)";2020;"Africa";0;7
"Congo (Kinshasa)";2020;"Africa";1;7
"Costa Rica";2020;"Americas";11;16
"Cote d'Ivoire";2020;"Africa";4;11
"Crimea";2020;"Eurasia";0;3
"Croatia";2020;"Europe";10;13
"Cuba";2020;"Americas";1;5
"Cyprus";2020;"Europe";11;15
"Czech Republic";2020;"Europe";9;14
"Denmark";2020;"Europe";12;16
"Djibouti";2020;"Africa";0;6
"Dominica";2020;"Americas";10;15
"Dominican Republic";2020;"Americas";7;14
"Eastern Donbas";2020;"Eurasia";0;2
"Ecuador";2020;"Americas";7;12
"Egypt";2020;"Africa";2;4
"El Salvador";2020;"Americas";8;11
"Equatorial Guinea";2020;"Africa";0;3
"Eritrea";2020;"Africa";1;0
"Estonia";2020;"Europe";11;16
"Eswatini";2020;"Africa";0;5
"Ethiopia";2020;"Africa";3;4
"Fiji";2020;"Asia";7;12
"Finland";2020;"Europe";12;16
"France";2020;"Europe";11;14
"Gabon";2020;"Africa";1;8
"Gaza Strip";2020;"Middle East";1;4
"Georgia";2020;"Eurasia";7;10
"Germany";2020;"Europe";12;14
"Ghana";2020;"Africa";10;14
"Greece";2020;"Europe";10;14
"Grenada";2020;"Americas";10;15
"Guatemala";2020;"Americas";4;11
"Guinea";2020;"Africa";3;11
"Guinea-Bissau";2020;"Africa";2;11
"Guyana";2020;"Americas";8;15
"Haiti";2020;"Americas";4;10
"Honduras";2020;"Americas";4;9
"Hong Kong";2020;"Asia";6;10
"Hungary";2020;"Europe";7;10
"Iceland";2020;"Europe";10;15
"India";2020;"Asia";9;10
"Indian Kashmir";2020;"Asia";2;6
"Indonesia";2020;"Asia";6;10
"Iran";2020;"Middle East";2;2
"Iraq";2020;"Middle East";2;5
"Ireland";2020;"Europe";11;16
"Israel";2020;"Middle East";8;12
"Italy";2020;"Europe";10;15
"Jamaica";2020;"Americas";9;15
"Japan";2020;"Asia";12;15
"Jordan";2020;"Middle East";3;7
"Kazakhstan";2020;"Eurasia";1;4
"Kenya";2020;"Africa";5;10
"Kiribati";2020;"Asia";10;16
"Kosovo";2020;"Europe";5;9
"Kuwait";2020;"Middle East";4;6
"Kyrgyzstan";2020;"Eurasia";4;10
"Laos";2020;"Asia";2;4
"Latvia";2020;"Europe";10;14
"Lebanon";2020;"Middle East";2;11
"Lesotho";2020;"Africa";6;12
"Liberia";2020;"Africa";7;11
"Libya";2020;"Africa";0;4
"Liechtenstein";2020;"Europe";10;16
"Lithuania";2020;"Europe";10;16
"Luxembourg";2020;"Europe";10;16
"Madagascar";2020;"Africa";6;11
"Malawi";2020;"Africa";6;13
"Malaysia";2020;"Asia";6;9
"Maldives";2020;"Asia";4;3
"Mali";2020;"Africa";4;10
"Malta";2020;"Europe";9;14
"Marshall Islands";2020;"Asia";10;16
"Mauritania";2020;"Africa";4;9
"Mauritius";2020;"Africa";10;15
"Mexico";2020;"Americas";5;13
"Micronesia";2020;"Asia";10;16
"Moldova";2020;"Eurasia";5;11
"Monaco";2020;"Europe";8;16
"Mongolia";2020;"Asia";9;14
"Montenegro";2020;"Europe";5;11
"Morocco";2020;"Africa";3;7
"Mozambique";2020;"Africa";4;9
"Myanmar";2020;"Asia";4;5
"Nagorno-Karabakh";2020;"Eurasia";3;7
"Namibia";2020;"Africa";8;14
"Nauru";2020;"Asia";8;13
"Nepal";2020;"Asia";5;10
"Netherlands";2020;"Europe";12;16
"New Zealand";2020;"Asia";12;16
"Nicaragua";2020;"Americas";3;7
"Niger";2020;"Africa";6;10
"Nigeria";2020;"Africa";6;9
"North Korea";2020;"Asia";0;0
"North Macedonia";2020;"Europe";6;12
"Northern Cyprus";2020;"Europe";7;15
"Norway";2020;"Europe";12;16
"Oman";2020;"Middle East";2;5
"Pakistan";2020;"Asia";5;6
"Pakistani Kashmir";2020;"Asia";3;6
"Palau";2020;"Asia";10;16
"Panama";2020;"Americas";9;15
"Papua New Guinea";2020;"Asia";3;14
"Paraguay";2020;"Americas";6;12
"Peru";2020;"Americas";6;15
"Philippines";2020;"Asia";6;14
"Poland";2020;"Europe";8;14
"Portugal";2020;"Europe";11;16
"Qatar";2020;"Middle East";3;7
"Romania";2020;"Europe";9;13
"Russia";2020;"Eurasia";2;3
"Rwanda";2020;"Africa";4;3
"Samoa";2020;"Asia";9;14
"San Marino";2020;"Europe";11;15
"Sao Tome and Principe";2020;"Africa";9;15
"Saudi Arabia";2020;"Middle East";1;2
"Senegal";2020;"Africa";8;13
"Serbia";2020;"Europe";5;12
"Seychelles";2020;"Africa";8;12
"Sierra Leone";2020;"Africa";7;12
"Singapore";2020;"Asia";7;8
"Slovakia";2020;"Europe";9;14
"Slovenia";2020;"Europe";11;14
"Solomon Islands";2020;"Asia";7;16
"Somalia";2020;"Africa";0;3
"Somaliland";2020;"Africa";4;6
"South Africa";2020;"Africa";8;15
"South Korea";2020;"Asia";9;14
"South Ossetia";2020;"Eurasia";0;3
"South Sudan";2020;"Africa";0;2
"Spain";2020;"Europe";10;14
"Sri Lanka";2020;"Asia";5;8
"St. Kitts and Nevis";2020;"Americas";10;15
"St. Lucia";2020;"Americas";11;15
"St. Vincent and the Grenadines";2020;"Americas";10;15
"Sudan";2020;"Africa";0;5
"Suriname";2020;"Americas";7;14
"Sweden";2020;"Europe";12;16
"Switzerland";2020;"Europe";12;15
"Syria";2020;"Middle East";0;3
"Taiwan";2020;"Asia";10;16
"Tajikistan";2020;"Eurasia";0;2
"Tanzania";2020;"Africa";5;7
"Thailand";2020;"Asia";2;6
"The Gambia";2020;"Africa";4;8
"Tibet";2020;"Asia";1;0
"Timor-Leste";2020;"Asia";7;14
"Togo";2020;"Africa";5;9
"Tonga";2020;"Asia";7;14
"Transnistria";2020;"Eurasia";2;5
"Trinidad and Tobago";2020;"Americas";9;16
"Tunisia";2020;"Africa";6;12
"Turkey";2020;"Europe";3;5
"Turkmenistan";2020;"Eurasia";0;0
"Tuvalu";2020;"Asia";10;16
"Uganda";2020;"Africa";3;8
"Ukraine";2020;"Eurasia";6;11
"United Arab Emirates";2020;"Middle East";2;3
"United Kingdom";2020;"Europe";11;14
"United States";2020;"Americas";9;16
"Uruguay";2020;"Americas";12;16
"Uzbekistan";2020;"Eurasia";1;2
"Vanuatu";2020;"Asia";8;14
"Venezuela";2020;"Americas";0;6
"Vietnam";2020;"Asia";2;4
"West Bank";2020;"Middle East";2;7
"Western Sahara";2020;"Africa";0;3
"Yemen";2020;"Middle East";0;3
"Zambia";2020;"Africa";6;9
"Zimbabwe";2020;"Africa";3;7
"Abkhazia";2019;"Eurasia";4;8
"Afghanistan";2019;"Asia";3;6
"Albania";2019;"Europe";7;13
"Algeria";2019;"Africa";3;7
"Andorra";2019;"Europe";12;14
"Angola";2019;"Africa";2;7
"Antigua and Barbuda";2019;"Americas";8;15
"Argentina";2019;"Americas";8;15
"Armenia";2019;"Eurasia";4;9
"Australia";2019;"Asia";12;16
"Austria";2019;"Europe";10;14
"Azerbaijan";2019;"Eurasia";0;2
"Bahamas";2019;"Americas";10;15
"Bahrain";2019;"Middle East";3;2
"Bangladesh";2019;"Asia";5;6
"Barbados";2019;"Americas";10;16
"Belarus";2019;"Eurasia";2;2
"Belgium";2019;"Europe";11;15
"Belize";2019;"Americas";10;15
"Benin";2019;"Africa";8;15
"Bhutan";2019;"Asia";9;9
"Bolivia";2019;"Americas";7;14
"Bosnia and Herzegovina";2019;"Europe";4;10
"Botswana";2019;"Africa";8;12
"Brazil";2019;"Americas";6;15
"Brunei";2019;"Asia";4;6
"Bulgaria";2019;"Europe";8;14
"Burkina Faso";2019;"Africa";6;13
"Burundi";2019;"Africa";0;5
"Cabo Verde";2019;"Africa";10;15
"Cambodia";2019;"Asia";3;8
"Cameroon";2019;"Africa";3;5
"Canada";2019;"Americas";12;16
"Central African Republic";2019;"Africa";0;4
"Chad";2019;"Africa";1;6
"Chile";2019;"Americas";10;16
"China";2019;"Asia";2;2
"Colombia";2019;"Americas";8;12
"Comoros";2019;"Africa";4;10
"Congo (Brazzaville)";2019;"Africa";0;7
"Congo (Kinshasa)";2019;"Africa";1;7
"Costa Rica";2019;"Americas";11;16
"Cote d'Ivoire";2019;"Africa";4;11
"Crimea";2019;"Eurasia";0;3
"Croatia";2019;"Europe";10;13
"Cuba";2019;"Americas";1;5
"Cyprus";2019;"Europe";11;15
"Czech Republic";2019;"Europe";9;14
"Denmark";2019;"Europe";12;16
"Djibouti";2019;"Africa";2;6
"Dominica";2019;"Americas";10;15
"Dominican Republic";2019;"Americas";7;14
"Ecuador";2019;"Americas";7;12
"Egypt";2019;"Africa";3;4
"El Salvador";2019;"Americas";8;12
"Equatorial Guinea";2019;"Africa";0;3
"Eritrea";2019;"Africa";1;0
"Estonia";2019;"Europe";11;16
"Eswatini";2019;"Africa";0;5
"Ethiopia";2019;"Africa";3;4
"Fiji";2019;"Asia";7;12
"Finland";2019;"Europe";12;16
"France";2019;"Europe";11;14
"Gabon";2019;"Africa";2;8
"Gaza Strip";2019;"Middle East";1;4
"Georgia";2019;"Eurasia";7;10
"Germany";2019;"Europe";12;14
"Ghana";2019;"Africa";10;14
"Greece";2019;"Europe";9;14
"Grenada";2019;"Americas";10;15
"Guatemala";2019;"Americas";4;11
"Guinea";2019;"Africa";3;11
"Guinea-Bissau";2019;"Africa";1;11
"Guyana";2019;"Americas";8;15
"Haiti";2019;"Americas";5;10
"Honduras";2019;"Americas";5;9
"Hong Kong";2019;"Asia";6;12
"Hungary";2019;"Europe";7;10
"Iceland";2019;"Europe";10;15
"India";2019;"Asia";9;11
"Indian Kashmir";2019;"Asia";4;9
"Indonesia";2019;"Asia";6;11
"Iran";2019;"Middle East";2;3
"Iraq";2019;"Middle East";2;5
"Ireland";2019;"Europe";11;16
"Israel";2019;"Middle East";10;12
"Italy";2019;"Europe";10;15
"Jamaica";2019;"Americas";9;15
"Japan";2019;"Asia";12;15
"Jordan";2019;"Middle East";3;7
"Kazakhstan";2019;"Eurasia";1;4
"Kenya";2019;"Africa";5;10
"Kiribati";2019;"Asia";10;16
"Kosovo";2019;"Europe";5;9
"Kuwait";2019;"Middle East";4;6
"Kyrgyzstan";2019;"Eurasia";4;10
"Laos";2019;"Asia";2;4
"Latvia";2019;"Europe";9;14
"Lebanon";2019;"Middle East";2;11
"Lesotho";2019;"Africa";6;12
"Liberia";2019;"Africa";7;11
"Libya";2019;"Africa";0;4
"Liechtenstein";2019;"Europe";10;16
"Lithuania";2019;"Europe";10;16
"Luxembourg";2019;"Europe";10;16
"Madagascar";2019;"Africa";5;10
"Malawi";2019;"Africa";6;14
"Malaysia";2019;"Asia";6;9
"Maldives";2019;"Asia";3;3
"Mali";2019;"Africa";4;10
"Malta";2019;"Europe";9;15
"Marshall Islands";2019;"Asia";10;16
"Mauritania";2019;"Africa";4;9
"Mauritius";2019;"Africa";10;15
"Mexico";2019;"Americas";5;13
"Micronesia";2019;"Asia";10;16
"Moldova";2019;"Eurasia";4;11
"Monaco";2019;"Europe";8;16
"Mongolia";2019;"Asia";9;14
"Montenegro";2019;"Europe";6;11
"Morocco";2019;"Africa";3;7
"Mozambique";2019;"Africa";5;9
"Myanmar";2019;"Asia";4;5
"Nagorno-Karabakh";2019;"Eurasia";3;6
"Namibia";2019;"Africa";8;14
"Nauru";2019;"Asia";8;13
"Nepal";2019;"Asia";5;9
"Netherlands";2019;"Europe";12;16
"New Zealand";2019;"Asia";12;16
"Nicaragua";2019;"Americas";3;8
"Niger";2019;"Africa";6;11
"Nigeria";2019;"Africa";6;9
"North Korea";2019;"Asia";0;0
"North Macedonia";2019;"Europe";6;11
"Northern Cyprus";2019;"Europe";7;15
"Norway";2019;"Europe";12;16
"Oman";2019;"Middle East";2;5
"Pakistan";2019;"Asia";5;6
"Pakistani Kashmir";2019;"Asia";3;6
"Palau";2019;"Asia";10;16
"Panama";2019;"Americas";9;15
"Papua New Guinea";2019;"Asia";3;14
"Paraguay";2019;"Americas";6;12
"Peru";2019;"Americas";7;15
"Philippines";2019;"Asia";7;14
"Poland";2019;"Europe";8;14
"Portugal";2019;"Europe";11;16
"Qatar";2019;"Middle East";3;7
"Romania";2019;"Europe";9;13
"Russia";2019;"Eurasia";2;3
"Rwanda";2019;"Africa";5;3
"Samoa";2019;"Asia";9;14
"San Marino";2019;"Europe";11;15
"Sao Tome and Principe";2019;"Africa";9;15
"Saudi Arabia";2019;"Middle East";1;2
"Senegal";2019;"Africa";8;13
"Serbia";2019;"Europe";6;12
"Seychelles";2019;"Africa";7;12
"Sierra Leone";2019;"Africa";7;12
"Singapore";2019;"Asia";7;9
"Slovakia";2019;"Europe";9;14
"Slovenia";2019;"Europe";11;14
"Solomon Islands";2019;"Asia";7;16
"Somalia";2019;"Africa";0;3
"Somaliland";2019;"Africa";4;6
"South Africa";2019;"Africa";8;15
"South Korea";2019;"Asia";9;14
"South Ossetia";2019;"Eurasia";0;3
"South Sudan";2019;"Africa";0;2
"Spain";2019;"Europe";11;14
"Sri Lanka";2019;"Asia";6;8
"St. Kitts and Nevis";2019;"Americas";10;15
"St. Lucia";2019;"Americas";11;15
"St. Vincent and the Grenadines";2019;"Americas";10;15
"Sudan";2019;"Africa";1;2
"Suriname";2019;"Americas";8;14
"Sweden";2019;"Europe";12;16
"Switzerland";2019;"Europe";12;15
"Syria";2019;"Middle East";0;3
"Taiwan";2019;"Asia";10;16
"Tajikistan";2019;"Eurasia";0;2
"Tanzania";2019;"Africa";6;7
"Thailand";2019;"Asia";2;6
"The Gambia";2019;"Africa";4;8
"Tibet";2019;"Asia";1;0
"Timor-Leste";2019;"Asia";7;14
"Togo";2019;"Africa";5;9
"Tonga";2019;"Asia";7;14
"Transnistria";2019;"Eurasia";2;5
"Trinidad and Tobago";2019;"Americas";9;16
"Tunisia";2019;"Africa";6;12
"Turkey";2019;"Europe";3;5
"Turkmenistan";2019;"Eurasia";0;0
"Tuvalu";2019;"Asia";10;16
"Uganda";2019;"Africa";3;10
"Ukraine";2019;"Eurasia";6;11
"United Arab Emirates";2019;"Middle East";2;3
"United Kingdom";2019;"Europe";11;14
"United States";2019;"Americas";9;16
"Uruguay";2019;"Americas";12;16
"Uzbekistan";2019;"Eurasia";1;2
"Vanuatu";2019;"Asia";8;15
"Venezuela";2019;"Americas";0;7
"Vietnam";2019;"Asia";2;4
"West Bank";2019;"Middle East";2;7
"Western Sahara";2019;"Africa";0;3
"Yemen";2019;"Middle East";0;3
"Zambia";2019;"Africa";6;9
"Zimbabwe";2019;"Africa";3;8
"Abkhazia";2018;"Eurasia";4;8
"Afghanistan";2018;"Asia";3;6
"Albania";2018;"Europe";7;13
"Algeria";2018;"Africa";3;7
"Andorra";2018;"Europe";12;15
"Angola";2018;"Africa";1;7
"Antigua and Barbuda";2018;"Americas";8;15
"Argentina";2018;"Americas";8;15
"Armenia";2018;"Eurasia";4;9
"Australia";2018;"Asia";12;16
"Austria";2018;"Europe";10;15
"Azerbaijan";2018;"Eurasia";0;2
"Bahamas";2018;"Americas";10;15
"Bahrain";2018;"Middle East";3;2
"Bangladesh";2018;"Asia";5;7
"Barbados";2018;"Americas";10;16
"Belarus";2018;"Eurasia";2;3
"Belgium";2018;"Europe";11;15
"Belize";2018;"Americas";10;15
"Benin";2018;"Africa";8;15
"Bhutan";2018;"Asia";9;9
"Bolivia";2018;"Americas";7;14
"Bosnia and Herzegovina";2018;"Europe";4;10
"Botswana";2018;"Africa";8;12
"Brazil";2018;"Americas";6;15
"Brunei";2018;"Asia";3;6
"Bulgaria";2018;"Europe";8;14
"Burkina Faso";2018;"Africa";6;13
"Burundi";2018;"Africa";0;6
"Cabo Verde";2018;"Africa";10;15
"Cambodia";2018;"Asia";3;8
"Cameroon";2018;"Africa";3;6
"Canada";2018;"Americas";12;16
"Central African Republic";2018;"Africa";0;4
"Chad";2018;"Africa";1;6
"Chile";2018;"Americas";10;16
"China";2018;"Asia";2;3
"Colombia";2018;"Americas";8;12
"Comoros";2018;"Africa";4;10
"Congo (Brazzaville)";2018;"Africa";0;7
"Congo (Kinshasa)";2018;"Africa";1;7
"Costa Rica";2018;"Americas";11;16
"Cote d'Ivoire";2018;"Africa";4;11
"Crimea";2018;"Eurasia";0;3
"Croatia";2018;"Europe";10;13
"Cuba";2018;"Americas";1;5
"Cyprus";2018;"Europe";11;15
"Czech Republic";2018;"Europe";10;15
"Denmark";2018;"Europe";12;16
"Djibouti";2018;"Africa";2;6
"Dominica";2018;"Americas";10;15
"Dominican Republic";2018;"Americas";7;14
"Ecuador";2018;"Americas";7;12
"Egypt";2018;"Africa";3;5
"El Salvador";2018;"Americas";9;12
"Equatorial Guinea";2018;"Africa";0;3
"Eritrea";2018;"Africa";1;0
"Estonia";2018;"Europe";11;16
"Eswatini";2018;"Africa";0;5
"Ethiopia";2018;"Africa";3;2
"Fiji";2018;"Asia";7;12
"Finland";2018;"Europe";12;16
"France";2018;"Europe";11;14
"Gabon";2018;"Africa";2;8
"Gaza Strip";2018;"Middle East";1;4
"Georgia";2018;"Eurasia";7;11
"Germany";2018;"Europe";12;14
"Ghana";2018;"Africa";10;14
"Greece";2018;"Europe";8;14
"Grenada";2018;"Americas";10;15
"Guatemala";2018;"Americas";5;12
"Guinea";2018;"Africa";3;10
"Guinea-Bissau";2018;"Africa";1;10
"Guyana";2018;"Americas";8;15
"Haiti";2018;"Americas";5;10
"Honduras";2018;"Americas";5;9
"Hong Kong";2018;"Asia";6;12
"Hungary";2018;"Europe";7;11
"Iceland";2018;"Europe";10;15
"India";2018;"Asia";9;13
"Indian Kashmir";2018;"Asia";4;9
"Indonesia";2018;"Asia";6;12
"Iran";2018;"Middle East";2;3
"Iraq";2018;"Middle East";2;5
"Ireland";2018;"Europe";11;16
"Israel";2018;"Middle East";10;12
"Italy";2018;"Europe";10;15
"Jamaica";2018;"Americas";9;15
"Japan";2018;"Asia";12;15
"Jordan";2018;"Middle East";3;7
"Kazakhstan";2018;"Eurasia";1;4
"Kenya";2018;"Africa";5;10
"Kiribati";2018;"Asia";10;15
"Kosovo";2018;"Europe";5;9
"Kuwait";2018;"Middle East";4;6
"Kyrgyzstan";2018;"Eurasia";4;10
"Laos";2018;"Asia";1;4
"Latvia";2018;"Europe";9;15
"Lebanon";2018;"Middle East";1;12
"Lesotho";2018;"Africa";6;12
"Liberia";2018;"Africa";7;11
"Libya";2018;"Africa";0;4
"Liechtenstein";2018;"Europe";10;16
"Lithuania";2018;"Europe";10;16
"Luxembourg";2018;"Europe";10;16
"Madagascar";2018;"Africa";5;10
"Malawi";2018;"Africa";6;13
"Malaysia";2018;"Asia";5;7
"Maldives";2018;"Asia";4;3
"Mali";2018;"Africa";4;11
"Malta";2018;"Europe";10;15
"Marshall Islands";2018;"Asia";10;16
"Mauritania";2018;"Africa";4;9
"Mauritius";2018;"Africa";10;15
"Mexico";2018;"Americas";5;13
"Micronesia";2018;"Asia";10;16
"Moldova";2018;"Eurasia";5;12
"Monaco";2018;"Europe";8;16
"Mongolia";2018;"Asia";9;14
"Montenegro";2018;"Europe";7;11
"Morocco";2018;"Africa";3;7
"Mozambique";2018;"Africa";5;9
"Myanmar";2018;"Asia";4;6
"Nagorno-Karabakh";2018;"Eurasia";3;6
"Namibia";2018;"Africa";9;14
"Nauru";2018;"Asia";8;13
"Nepal";2018;"Asia";5;10
"Netherlands";2018;"Europe";12;16
"New Zealand";2018;"Asia";12;16
"Nicaragua";2018;"Americas";3;11
"Niger";2018;"Africa";6;11
"Nigeria";2018;"Africa";6;9
"North Korea";2018;"Asia";0;0
"North Macedonia";2018;"Europe";6;11
"Northern Cyprus";2018;"Europe";7;15
"Norway";2018;"Europe";12;16
"Oman";2018;"Middle East";2;5
"Pakistan";2018;"Asia";5;7
"Pakistani Kashmir";2018;"Asia";3;6
"Palau";2018;"Asia";10;16
"Panama";2018;"Americas";8;15
"Papua New Guinea";2018;"Asia";4;13
"Paraguay";2018;"Americas";5;12
"Peru";2018;"Americas";7;15
"Philippines";2018;"Asia";7;14
"Poland";2018;"Europe";8;14
"Portugal";2018;"Europe";11;16
"Qatar";2018;"Middle East";3;7
"Romania";2018;"Europe";10;14
"Russia";2018;"Eurasia";2;3
"Rwanda";2018;"Africa";5;4
"Samoa";2018;"Asia";9;14
"San Marino";2018;"Europe";11;15
"Sao Tome and Principe";2018;"Africa";9;15
"Saudi Arabia";2018;"Middle East";1;3
"Senegal";2018;"Africa";8;13
"Serbia";2018;"Europe";7;13
"Seychelles";2018;"Africa";7;12
"Sierra Leone";2018;"Africa";7;12
"Singapore";2018;"Asia";7;10
"Slovakia";2018;"Europe";9;15
"Slovenia";2018;"Europe";11;14
"Solomon Islands";2018;"Asia";6;14
"Somalia";2018;"Africa";0;3
"Somaliland";2018;"Africa";4;7
"South Africa";2018;"Africa";7;15
"South Korea";2018;"Asia";9;14
"South Ossetia";2018;"Eurasia";0;3
"South Sudan";2018;"Africa";0;2
"Spain";2018;"Europe";11;15
"Sri Lanka";2018;"Asia";7;8
"St. Kitts and Nevis";2018;"Americas";10;15
"St. Lucia";2018;"Americas";11;15
"St. Vincent and the Grenadines";2018;"Americas";10;15
"Sudan";2018;"Africa";1;2
"Suriname";2018;"Americas";8;15
"Sweden";2018;"Europe";12;16
"Switzerland";2018;"Europe";12;15
"Syria";2018;"Middle East";0;2
"Taiwan";2018;"Asia";10;16
"Tajikistan";2018;"Eurasia";1;2
"Tanzania";2018;"Africa";6;7
"Thailand";2018;"Asia";3;6
"The Gambia";2018;"Africa";4;7
"Tibet";2018;"Asia";1;0
"Timor-Leste";2018;"Asia";7;13
"Togo";2018;"Africa";5;9
"Tonga";2018;"Asia";7;12
"Transnistria";2018;"Eurasia";2;5
"Trinidad and Tobago";2018;"Americas";9;15
"Tunisia";2018;"Africa";6;12
"Turkey";2018;"Europe";3;5
"Turkmenistan";2018;"Eurasia";0;1
"Tuvalu";2018;"Asia";10;16
"Uganda";2018;"Africa";3;11
"Ukraine";2018;"Eurasia";6;11
"United Arab Emirates";2018;"Middle East";2;3
"United Kingdom";2018;"Europe";12;14
"United States";2018;"Americas";9;16
"Uruguay";2018;"Americas";12;16
"Uzbekistan";2018;"Eurasia";1;1
"Vanuatu";2018;"Asia";8;15
"Venezuela";2018;"Americas";0;8
"Vietnam";2018;"Asia";2;4
"West Bank";2018;"Middle East";2;8
"Western Sahara";2018;"Africa";0;3
"Yemen";2018;"Middle East";0;5
"Zambia";2018;"Africa";6;10
"Zimbabwe";2018;"Africa";2;8
"Abkhazia";2017;"Eurasia";4;8
"Afghanistan";2017;"Asia";2;6
"Albania";2017;"Europe";7;13
"Algeria";2017;"Africa";3;7
"Andorra";2017;"Europe";12;15
"Angola";2017;"Africa";1;5
"Antigua and Barbuda";2017;"Americas";8;15
"Argentina";2017;"Americas";8;14
"Armenia";2017;"Eurasia";4;9
"Australia";2017;"Asia";12;16
"Austria";2017;"Europe";10;16
"Azerbaijan";2017;"Eurasia";1;2
"Bahamas";2017;"Americas";10;15
"Bahrain";2017;"Middle East";3;2
"Bangladesh";2017;"Asia";5;7
"Barbados";2017;"Americas";12;16
"Belarus";2017;"Eurasia";1;3
"Belgium";2017;"Europe";12;15
"Belize";2017;"Americas";10;15
"Benin";2017;"Africa";8;15
"Bhutan";2017;"Asia";9;9
"Bolivia";2017;"Americas";7;14
"Bosnia and Herzegovina";2017;"Europe";4;10
"Botswana";2017;"Africa";8;12
"Brazil";2017;"Americas";6;15
"Brunei";2017;"Asia";3;6
"Bulgaria";2017;"Europe";8;14
"Burkina Faso";2017;"Africa";6;14
"Burundi";2017;"Africa";0;6
"Cabo Verde";2017;"Africa";10;15
"Cambodia";2017;"Asia";3;8
"Cameroon";2017;"Africa";3;7
"Canada";2017;"Americas";12;16
"Central African Republic";2017;"Africa";0;4
"Chad";2017;"Africa";1;6
"Chile";2017;"Americas";10;16
"China";2017;"Asia";2;3
"Colombia";2017;"Americas";8;12
"Comoros";2017;"Africa";4;10
"Congo (Brazzaville)";2017;"Africa";2;7
"Congo (Kinshasa)";2017;"Africa";1;8
"Costa Rica";2017;"Americas";11;16
"Cote d'Ivoire";2017;"Africa";5;11
"Crimea";2017;"Eurasia";0;3
"Croatia";2017;"Europe";10;14
"Cuba";2017;"Americas";1;5
"Cyprus";2017;"Europe";11;15
"Czech Republic";2017;"Europe";11;15
"Denmark";2017;"Europe";12;16
"Djibouti";2017;"Africa";2;6
"Dominica";2017;"Americas";10;15
"Dominican Republic";2017;"Americas";8;14
"Ecuador";2017;"Americas";6;11
"Egypt";2017;"Africa";2;5
"El Salvador";2017;"Americas";9;12
"Equatorial Guinea";2017;"Africa";0;4
"Eritrea";2017;"Africa";1;0
"Estonia";2017;"Europe";11;16
"Eswatini";2017;"Africa";0;7
"Ethiopia";2017;"Africa";3;2
"Fiji";2017;"Asia";7;12
"Finland";2017;"Europe";12;16
"France";2017;"Europe";11;14
"Gabon";2017;"Africa";3;9
"Gaza Strip";2017;"Middle East";1;4
"Georgia";2017;"Eurasia";7;11
"Germany";2017;"Europe";12;15
"Ghana";2017;"Africa";10;14
"Greece";2017;"Europe";8;14
"Grenada";2017;"Americas";10;15
"Guatemala";2017;"Americas";5;11
"Guinea";2017;"Africa";3;10
"Guinea-Bissau";2017;"Africa";1;10
"Guyana";2017;"Americas";8;15
"Haiti";2017;"Americas";4;10
"Honduras";2017;"Americas";4;9
"Hong Kong";2017;"Asia";6;12
"Hungary";2017;"Europe";7;13
"Iceland";2017;"Europe";10;16
"India";2017;"Asia";9;13
"Indian Kashmir";2017;"Asia";4;9
"Indonesia";2017;"Asia";6;12
"Iran";2017;"Middle East";2;2
"Iraq";2017;"Middle East";2;5
"Ireland";2017;"Europe";11;16
"Israel";2017;"Middle East";10;12
"Italy";2017;"Europe";10;15
"Jamaica";2017;"Americas";9;15
"Japan";2017;"Asia";12;15
"Jordan";2017;"Middle East";3;7
"Kazakhstan";2017;"Eurasia";1;4
"Kenya";2017;"Africa";5;10
"Kiribati";2017;"Asia";9;15
"Kosovo";2017;"Europe";5;9
"Kuwait";2017;"Middle East";4;6
"Kyrgyzstan";2017;"Eurasia";4;9
"Laos";2017;"Asia";1;4
"Latvia";2017;"Europe";9;15
"Lebanon";2017;"Middle East";2;11
"Lesotho";2017;"Africa";6;12
"Liberia";2017;"Africa";7;11
"Libya";2017;"Africa";0;4
"Liechtenstein";2017;"Europe";10;16
"Lithuania";2017;"Europe";10;16
"Luxembourg";2017;"Europe";10;16
"Madagascar";2017;"Africa";5;10
"Malawi";2017;"Africa";6;13
"Malaysia";2017;"Asia";5;7
"Maldives";2017;"Asia";5;5
"Mali";2017;"Africa";4;12
"Malta";2017;"Europe";11;16
"Marshall Islands";2017;"Asia";10;16
"Mauritania";2017;"Africa";4;9
"Mauritius";2017;"Africa";10;15
"Mexico";2017;"Americas";7;13
"Micronesia";2017;"Asia";10;16
"Moldova";2017;"Eurasia";5;12
"Monaco";2017;"Europe";9;16
"Mongolia";2017;"Asia";9;14
"Montenegro";2017;"Europe";7;12
"Morocco";2017;"Africa";3;7
"Mozambique";2017;"Africa";5;11
"Myanmar";2017;"Asia";4;7
"Nagorno-Karabakh";2017;"Eurasia";3;6
"Namibia";2017;"Africa";9;14
"Nauru";2017;"Asia";8;13
"Nepal";2017;"Asia";5;9
"Netherlands";2017;"Europe";12;16
"New Zealand";2017;"Asia";12;16
"Nicaragua";2017;"Americas";5;11
"Niger";2017;"Africa";6;11
"Nigeria";2017;"Africa";6;9
"North Korea";2017;"Asia";0;0
"North Macedonia";2017;"Europe";5;10
"Northern Cyprus";2017;"Europe";9;14
"Norway";2017;"Europe";12;16
"Oman";2017;"Middle East";2;5
"Pakistan";2017;"Asia";6;6
"Pakistani Kashmir";2017;"Asia";3;6
"Palau";2017;"Asia";10;16
"Panama";2017;"Americas";8;15
"Papua New Guinea";2017;"Asia";4;13
"Paraguay";2017;"Americas";5;12
"Peru";2017;"Americas";7;15
"Philippines";2017;"Asia";7;14
"Poland";2017;"Europe";9;14
"Portugal";2017;"Europe";11;16
"Qatar";2017;"Middle East";3;7
"Romania";2017;"Europe";10;14
"Russia";2017;"Eurasia";2;3
"Rwanda";2017;"Africa";5;4
"Samoa";2017;"Asia";9;14
"San Marino";2017;"Europe";11;15
"Sao Tome and Principe";2017;"Africa";9;15
"Saudi Arabia";2017;"Middle East";1;3
"Senegal";2017;"Africa";8;15
"Serbia";2017;"Europe";7;14
"Seychelles";2017;"Africa";7;12
"Sierra Leone";2017;"Africa";7;12
"Singapore";2017;"Asia";7;9
"Slovakia";2017;"Europe";9;15
"Slovenia";2017;"Europe";11;14
"Solomon Islands";2017;"Asia";5;14
"Somalia";2017;"Africa";0;3
"Somaliland";2017;"Africa";4;7
"South Africa";2017;"Africa";7;15
"South Korea";2017;"Asia";8;13
"South Ossetia";2017;"Eurasia";0;4
"South Sudan";2017;"Africa";0;4
"Spain";2017;"Europe";10;15
"Sri Lanka";2017;"Asia";7;9
"St. Kitts and Nevis";2017;"Americas";10;15
"St. Lucia";2017;"Americas";11;15
"St. Vincent and the Grenadines";2017;"Americas";10;15
"Sudan";2017;"Africa";1;2
"Suriname";2017;"Americas";8;15
"Sweden";2017;"Europe";12;16
"Switzerland";2017;"Europe";12;15
"Syria";2017;"Middle East";0;2
"Taiwan";2017;"Asia";10;16
"Tajikistan";2017;"Eurasia";1;2
"Tanzania";2017;"Africa";7;9
"Thailand";2017;"Asia";3;6
"The Gambia";2017;"Africa";0;3
"Tibet";2017;"Asia";1;0
"Timor-Leste";2017;"Asia";6;12
"Togo";2017;"Africa";5;9
"Tonga";2017;"Asia";7;12
"Transnistria";2017;"Eurasia";2;5
"Trinidad and Tobago";2017;"Americas";9;15
"Tunisia";2017;"Africa";9;13
"Turkey";2017;"Europe";3;6
"Turkmenistan";2017;"Eurasia";0;1
"Tuvalu";2017;"Asia";10;16
"Uganda";2017;"Africa";3;9
"Ukraine";2017;"Eurasia";6;11
"United Arab Emirates";2017;"Middle East";2;4
"United Kingdom";2017;"Europe";12;14
"United States";2017;"Americas";11;16
"Uruguay";2017;"Americas";12;16
"Uzbekistan";2017;"Eurasia";0;0
"Vanuatu";2017;"Asia";7;15
"Venezuela";2017;"Americas";0;8
"Vietnam";2017;"Asia";2;4
"West Bank";2017;"Middle East";2;8
"Western Sahara";2017;"Africa";0;3
"Yemen";2017;"Middle East";1;5
"Zambia";2017;"Africa";6;10
"Zimbabwe";2017;"Africa";3;8
"Abkhazia";2016;"Eurasia";5;8
"Afghanistan";2016;"Asia";2;6
"Albania";2016;"Europe";6;13
"Algeria";2016;"Africa";3;7
"Andorra";2016;"Europe";12;16
"Angola";2016;"Africa";1;5
"Antigua and Barbuda";2016;"Americas";8;14
"Argentina";2016;"Americas";6;14
"Armenia";2016;"Eurasia";4;9
"Australia";2016;"Asia";12;16
"Austria";2016;"Europe";10;16
"Azerbaijan";2016;"Eurasia";1;3
"Bahamas";2016;"Americas";10;16
"Bahrain";2016;"Middle East";3;2
"Bangladesh";2016;"Asia";5;7
"Barbados";2016;"Americas";12;16
"Belarus";2016;"Eurasia";1;3
"Belgium";2016;"Europe";12;15
"Belize";2016;"Americas";10;15
"Benin";2016;"Africa";8;15
"Bhutan";2016;"Asia";10;9
"Bolivia";2016;"Americas";7;14
"Bosnia and Herzegovina";2016;"Europe";4;10
"Botswana";2016;"Africa";8;12
"Brazil";2016;"Americas";8;15
"Brunei";2016;"Asia";3;6
"Bulgaria";2016;"Europe";8;14
"Burkina Faso";2016;"Africa";6;14
"Burundi";2016;"Africa";0;6
"Cabo Verde";2016;"Africa";10;15
"Cambodia";2016;"Asia";3;9
"Cameroon";2016;"Africa";3;7
"Canada";2016;"Americas";12;16
"Central African Republic";2016;"Africa";0;4
"Chad";2016;"Africa";1;7
"Chile";2016;"Americas";11;16
"China";2016;"Asia";2;4
"Colombia";2016;"Americas";8;12
"Comoros";2016;"Africa";4;10
"Congo (Brazzaville)";2016;"Africa";3;7
"Congo (Kinshasa)";2016;"Africa";2;8
"Costa Rica";2016;"Americas";10;16
"Cote d'Ivoire";2016;"Africa";5;11
"Crimea";2016;"Eurasia";0;3
"Croatia";2016;"Europe";10;14
"Cuba";2016;"Americas";1;5
"Cyprus";2016;"Europe";11;15
"Czech Republic";2016;"Europe";11;16
"Denmark";2016;"Europe";12;16
"Djibouti";2016;"Africa";3;6
"Dominica";2016;"Americas";10;15
"Dominican Republic";2016;"Americas";9;14
"Ecuador";2016;"Americas";6;12
"Egypt";2016;"Africa";2;5
"El Salvador";2016;"Americas";9;12
"Equatorial Guinea";2016;"Africa";0;4
"Eritrea";2016;"Africa";1;0
"Estonia";2016;"Europe";11;16
"Eswatini";2016;"Africa";0;7
"Ethiopia";2016;"Africa";3;3
"Fiji";2016;"Asia";7;11
"Finland";2016;"Europe";12;16
"France";2016;"Europe";11;14
"Gabon";2016;"Africa";3;10
"Gaza Strip";2016;"Middle East";1;4
"Georgia";2016;"Eurasia";7;11
"Germany";2016;"Europe";12;15
"Ghana";2016;"Africa";10;14
"Greece";2016;"Europe";8;14
"Grenada";2016;"Americas";10;15
"Guatemala";2016;"Americas";5;12
"Guinea";2016;"Africa";3;9
"Guinea-Bissau";2016;"Africa";1;10
"Guyana";2016;"Americas";8;15
"Haiti";2016;"Americas";5;10
"Honduras";2016;"Americas";3;9
"Hong Kong";2016;"Asia";6;12
"Hungary";2016;"Europe";8;13
"Iceland";2016;"Europe";12;16
"India";2016;"Asia";9;13
"Indian Kashmir";2016;"Asia";4;9
"Indonesia";2016;"Asia";6;12
"Iran";2016;"Middle East";2;2
"Iraq";2016;"Middle East";2;5
"Ireland";2016;"Europe";11;16
"Israel";2016;"Middle East";10;12
"Italy";2016;"Europe";10;15
"Jamaica";2016;"Americas";9;15
"Japan";2016;"Asia";12;15
"Jordan";2016;"Middle East";3;7
"Kazakhstan";2016;"Eurasia";1;4
"Kenya";2016;"Africa";5;11
"Kiribati";2016;"Asia";8;15
"Kosovo";2016;"Europe";5;9
"Kuwait";2016;"Middle East";4;6
"Kyrgyzstan";2016;"Eurasia";4;9
"Laos";2016;"Asia";1;4
"Latvia";2016;"Europe";9;15
"Lebanon";2016;"Middle East";2;11
"Lesotho";2016;"Africa";6;14
"Liberia";2016;"Africa";7;10
"Libya";2016;"Africa";0;6
"Liechtenstein";2016;"Europe";12;16
"Lithuania";2016;"Europe";10;16
"Luxembourg";2016;"Europe";10;16
"Madagascar";2016;"Africa";5;10
"Malawi";2016;"Africa";7;13
"Malaysia";2016;"Asia";5;7
"Maldives";2016;"Asia";6;6
"Mali";2016;"Africa";4;12
"Malta";2016;"Europe";11;16
"Marshall Islands";2016;"Asia";10;16
"Mauritania";2016;"Africa";4;9
"Mauritius";2016;"Africa";11;15
"Mexico";2016;"Americas";7;13
"Micronesia";2016;"Asia";10;16
"Moldova";2016;"Eurasia";4;11
"Monaco";2016;"Europe";10;16
"Mongolia";2016;"Asia";9;15
"Montenegro";2016;"Europe";7;12
"Morocco";2016;"Africa";3;8
"Mozambique";2016;"Africa";6;11
"Myanmar";2016;"Asia";3;7
"Nagorno-Karabakh";2016;"Eurasia";3;6
"Namibia";2016;"Africa";9;14
"Nauru";2016;"Asia";8;13
"Nepal";2016;"Asia";5;9
"Netherlands";2016;"Europe";12;16
"New Zealand";2016;"Asia";12;16
"Nicaragua";2016;"Americas";6;12
"Niger";2016;"Africa";7;11
"Nigeria";2016;"Africa";5;9
"North Korea";2016;"Asia";0;0
"North Macedonia";2016;"Europe";6;10
"Northern Cyprus";2016;"Europe";9;14
"Norway";2016;"Europe";12;16
"Oman";2016;"Middle East";2;5
"Pakistan";2016;"Asia";5;5
"Pakistani Kashmir";2016;"Asia";3;6
"Palau";2016;"Asia";10;16
"Panama";2016;"Americas";8;15
"Papua New Guinea";2016;"Asia";4;12
"Paraguay";2016;"Americas";5;12
"Peru";2016;"Americas";7;15
"Philippines";2016;"Asia";7;14
"Poland";2016;"Europe";10;16
"Portugal";2016;"Europe";11;16
"Puerto Rico";2016;"Americas";10;16
"Qatar";2016;"Middle East";3;8
"Romania";2016;"Europe";9;14
"Russia";2016;"Eurasia";3;3
"Rwanda";2016;"Africa";5;4
"Samoa";2016;"Asia";9;14
"San Marino";2016;"Europe";12;16
"Sao Tome and Principe";2016;"Africa";9;15
"Saudi Arabia";2016;"Middle East";1;3
"Senegal";2016;"Africa";9;15
"Serbia";2016;"Europe";7;14
"Seychelles";2016;"Africa";7;11
"Sierra Leone";2016;"Africa";7;12
"Singapore";2016;"Asia";7;9
"Slovakia";2016;"Europe";9;15
"Slovenia";2016;"Europe";11;14
"Solomon Islands";2016;"Asia";6;14
"Somalia";2016;"Africa";0;1
"Somaliland";2016;"Africa";4;7
"South Africa";2016;"Africa";8;15
"South Korea";2016;"Asia";10;12
"South Ossetia";2016;"Eurasia";0;4
"South Sudan";2016;"Africa";1;4
"Spain";2016;"Europe";11;15
"Sri Lanka";2016;"Asia";6;9
"St. Kitts and Nevis";2016;"Americas";9;15
"St. Lucia";2016;"Americas";11;15
"St. Vincent and the Grenadines";2016;"Americas";10;15
"Sudan";2016;"Africa";1;2
"Suriname";2016;"Americas";8;15
"Sweden";2016;"Europe";12;16
"Switzerland";2016;"Europe";12;15
"Syria";2016;"Middle East";0;2
"Taiwan";2016;"Asia";10;14
"Tajikistan";2016;"Eurasia";1;4
"Tanzania";2016;"Africa";7;9
"Thailand";2016;"Asia";3;6
"The Gambia";2016;"Africa";0;3
"Tibet";2016;"Asia";1;0
"Timor-Leste";2016;"Asia";6;12
"Togo";2016;"Africa";5;9
"Tonga";2016;"Asia";6;13
"Transnistria";2016;"Eurasia";2;5
"Trinidad and Tobago";2016;"Americas";9;15
"Tunisia";2016;"Africa";9;13
"Turkey";2016;"Europe";6;8
"Turkmenistan";2016;"Eurasia";0;1
"Tuvalu";2016;"Asia";10;16
"Uganda";2016;"Africa";3;9
"Ukraine";2016;"Eurasia";6;11
"United Arab Emirates";2016;"Middle East";2;4
"United Kingdom";2016;"Europe";12;13
"United States";2016;"Americas";10;15
"Uruguay";2016;"Americas";12;16
"Uzbekistan";2016;"Eurasia";0;0
"Vanuatu";2016;"Asia";7;15
"Venezuela";2016;"Americas";2;8
"Vietnam";2016;"Asia";2;4
"West Bank";2016;"Middle East";2;9
"Western Sahara";2016;"Africa";0;3
"Yemen";2016;"Middle East";1;5
"Zambia";2016;"Africa";7;11
"Zimbabwe";2016;"Africa";3;8
"Abkhazia";2015;"Eurasia";4;8
"Afghanistan";2015;"Asia";2;5
"Albania";2015;"Europe";6;13
"Algeria";2015;"Africa";3;7
"Andorra";2015;"Europe";12;16
"Angola";2015;"Africa";1;7
"Antigua and Barbuda";2015;"Americas";7;14
"Argentina";2015;"Americas";6;14
"Armenia";2015;"Eurasia";4;9
"Australia";2015;"Asia";12;16
"Austria";2015;"Europe";11;16
"Azerbaijan";2015;"Eurasia";2;4
"Bahamas";2015;"Americas";10;16
"Bahrain";2015;"Middle East";3;2
"Bangladesh";2015;"Asia";5;8
"Barbados";2015;"Americas";12;16
"Belarus";2015;"Eurasia";1;3
"Belgium";2015;"Europe";12;15
"Belize";2015;"Americas";10;15
"Benin";2015;"Africa";8;15
"Bhutan";2015;"Asia";10;9
"Bolivia";2015;"Americas";7;14
"Bosnia and Herzegovina";2015;"Europe";5;10
"Botswana";2015;"Africa";8;12
"Brazil";2015;"Americas";8;15
"Brunei";2015;"Asia";3;6
"Bulgaria";2015;"Europe";8;14
"Burkina Faso";2015;"Africa";1;13
"Burundi";2015;"Africa";2;8
"Cabo Verde";2015;"Africa";10;15
"Cambodia";2015;"Asia";3;9
"Cameroon";2015;"Africa";3;7
"Canada";2015;"Americas";11;16
"Central African Republic";2015;"Africa";0;4
"Chad";2015;"Africa";1;7
"Chile";2015;"Americas";12;16
"China";2015;"Asia";2;4
"Colombia";2015;"Americas";8;12
"Comoros";2015;"Africa";5;10
"Congo (Brazzaville)";2015;"Africa";3;8
"Congo (Kinshasa)";2015;"Africa";2;8
"Costa Rica";2015;"Americas";10;16
"Cote d'Ivoire";2015;"Africa";4;10
"Crimea";2015;"Eurasia";0;3
"Croatia";2015;"Europe";9;14
"Cuba";2015;"Americas";1;4
"Cyprus";2015;"Europe";10;15
"Czech Republic";2015;"Europe";11;16
"Denmark";2015;"Europe";12;16
"Djibouti";2015;"Africa";3;6
"Dominica";2015;"Americas";10;15
"Dominican Republic";2015;"Americas";9;15
"Ecuador";2015;"Americas";6;12
"Egypt";2015;"Africa";2;5
"El Salvador";2015;"Americas";9;15
"Equatorial Guinea";2015;"Africa";0;4
"Eritrea";2015;"Africa";1;0
"Estonia";2015;"Europe";12;16
"Eswatini";2015;"Africa";0;6
"Ethiopia";2015;"Africa";4;3
"Fiji";2015;"Asia";6;11
"Finland";2015;"Europe";12;16
"France";2015;"Europe";11;15
"Gabon";2015;"Africa";3;10
"Gaza Strip";2015;"Middle East";1;5
"Georgia";2015;"Eurasia";7;12
"Germany";2015;"Europe";12;15
"Ghana";2015;"Africa";10;14
"Greece";2015;"Europe";8;14
"Grenada";2015;"Americas";10;15
"Guatemala";2015;"Americas";5;12
"Guinea";2015;"Africa";3;9
"Guinea-Bissau";2015;"Africa";1;10
"Guyana";2015;"Americas";6;15
"Haiti";2015;"Americas";5;10
"Honduras";2015;"Americas";4;10
"Hong Kong";2015;"Asia";6;13
"Hungary";2015;"Europe";8;14
"Iceland";2015;"Europe";11;16
"India";2015;"Asia";9;13
"Indian Kashmir";2015;"Asia";4;9
"Indonesia";2015;"Asia";6;12
"Iran";2015;"Middle East";2;2
"Iraq";2015;"Middle East";1;5
"Ireland";2015;"Europe";11;16
"Israel";2015;"Middle East";10;12
"Italy";2015;"Europe";10;15
"Jamaica";2015;"Americas";9;15
"Japan";2015;"Asia";12;15
"Jordan";2015;"Middle East";3;7
"Kazakhstan";2015;"Eurasia";1;4
"Kenya";2015;"Africa";5;11
"Kiribati";2015;"Asia";8;15
"Kosovo";2015;"Europe";4;9
"Kuwait";2015;"Middle East";5;6
"Kyrgyzstan";2015;"Eurasia";4;9
"Laos";2015;"Asia";1;4
"Latvia";2015;"Europe";8;15
"Lebanon";2015;"Middle East";3;11
"Lesotho";2015;"Africa";8;14
"Liberia";2015;"Africa";6;10
"Libya";2015;"Africa";0;6
"Liechtenstein";2015;"Europe";12;16
"Lithuania";2015;"Europe";10;16
"Luxembourg";2015;"Europe";10;16
"Madagascar";2015;"Africa";4;9
"Malawi";2015;"Africa";7;11
"Malaysia";2015;"Asia";6;7
"Maldives";2015;"Asia";6;6
"Mali";2015;"Africa";4;11
"Malta";2015;"Europe";11;16
"Marshall Islands";2015;"Asia";10;16
"Mauritania";2015;"Africa";4;10
"Mauritius";2015;"Africa";11;15
"Mexico";2015;"Americas";7;12
"Micronesia";2015;"Asia";10;16
"Moldova";2015;"Eurasia";6;11
"Monaco";2015;"Europe";10;16
"Mongolia";2015;"Asia";9;15
"Montenegro";2015;"Europe";7;12
"Morocco";2015;"Africa";3;8
"Mozambique";2015;"Africa";7;12
"Myanmar";2015;"Asia";3;6
"Nagorno-Karabakh";2015;"Eurasia";3;6
"Namibia";2015;"Africa";9;14
"Nauru";2015;"Asia";9;14
"Nepal";2015;"Asia";5;9
"Netherlands";2015;"Europe";12;16
"New Zealand";2015;"Asia";12;16
"Nicaragua";2015;"Americas";6;12
"Niger";2015;"Africa";7;11
"Nigeria";2015;"Africa";4;9
"North Korea";2015;"Asia";0;0
"North Macedonia";2015;"Europe";6;11
"Northern Cyprus";2015;"Europe";9;14
"Norway";2015;"Europe";12;16
"Oman";2015;"Middle East";2;5
"Pakistan";2015;"Asia";5;5
"Pakistani Kashmir";2015;"Asia";3;6
"Palau";2015;"Asia";10;16
"Panama";2015;"Americas";8;15
"Papua New Guinea";2015;"Asia";4;12
"Paraguay";2015;"Americas";5;12
"Peru";2015;"Americas";7;15
"Philippines";2015;"Asia";7;14
"Poland";2015;"Europe";10;16
"Portugal";2015;"Europe";11;16
"Puerto Rico";2015;"Americas";10;16
"Qatar";2015;"Middle East";3;8
"Romania";2015;"Europe";9;14
"Russia";2015;"Eurasia";3;4
"Rwanda";2015;"Africa";5;4
"Samoa";2015;"Asia";10;14
"San Marino";2015;"Europe";12;16
"Sao Tome and Principe";2015;"Africa";9;15
"Saudi Arabia";2015;"Middle East";1;3
"Senegal";2015;"Africa";9;15
"Serbia";2015;"Europe";7;15
"Seychelles";2015;"Africa";7;11
"Sierra Leone";2015;"Africa";7;12
"Singapore";2015;"Asia";7;9
"Slovakia";2015;"Europe";10;15
"Slovenia";2015;"Europe";11;14
"Solomon Islands";2015;"Asia";6;14
"Somalia";2015;"Africa";0;1
"Somaliland";2015;"Africa";6;7
"South Africa";2015;"Africa";8;15
"South Korea";2015;"Asia";10;13
"South Ossetia";2015;"Eurasia";0;4
"South Sudan";2015;"Africa";1;4
"Spain";2015;"Europe";11;15
"Sri Lanka";2015;"Asia";4;6
"St. Kitts and Nevis";2015;"Americas";9;15
"St. Lucia";2015;"Americas";11;15
"St. Vincent and the Grenadines";2015;"Americas";9;15
"Sudan";2015;"Africa";1;2
"Suriname";2015;"Americas";8;15
"Sweden";2015;"Europe";12;15
"Switzerland";2015;"Europe";12;15
"Syria";2015;"Middle East";0;2
"Taiwan";2015;"Asia";10;14
"Tajikistan";2015;"Eurasia";2;5
"Tanzania";2015;"Africa";7;10
"Thailand";2015;"Asia";3;6
"The Gambia";2015;"Africa";0;3
"Tibet";2015;"Asia";1;0
"Timor-Leste";2015;"Asia";6;12
"Togo";2015;"Africa";5;9
"Tonga";2015;"Asia";6;13
"Transnistria";2015;"Eurasia";2;5
"Trinidad and Tobago";2015;"Americas";9;15
"Tunisia";2015;"Africa";8;13
"Turkey";2015;"Europe";6;8
"Turkmenistan";2015;"Eurasia";0;2
"Tuvalu";2015;"Asia";10;16
"Uganda";2015;"Africa";3;9
"Ukraine";2015;"Eurasia";6;11
"United Arab Emirates";2015;"Middle East";2;4
"United Kingdom";2015;"Europe";12;15
"United States";2015;"Americas";10;15
"Uruguay";2015;"Americas";12;16
"Uzbekistan";2015;"Eurasia";0;1
"Vanuatu";2015;"Asia";8;15
"Venezuela";2015;"Americas";2;8
"Vietnam";2015;"Asia";2;4
"West Bank";2015;"Middle East";2;9
"Western Sahara";2015;"Africa";0;3
"Yemen";2015;"Middle East";2;6
"Zambia";2015;"Africa";6;11
"Zimbabwe";2015;"Africa";3;6
"Abkhazia";2014;"Eurasia";4;8
"Afghanistan";2014;"Asia";2;6
"Albania";2014;"Europe";6;13
"Algeria";2014;"Africa";3;6
"Andorra";2014;"Europe";12;16
"Angola";2014;"Africa";1;7
"Antigua and Barbuda";2014;"Americas";7;14
"Argentina";2014;"Americas";6;14
"Armenia";2014;"Eurasia";3;8
"Australia";2014;"Asia";12;16
"Austria";2014;"Europe";11;16
"Azerbaijan";2014;"Eurasia";2;4
"Bahamas";2014;"Americas";10;16
"Bahrain";2014;"Middle East";3;2
"Bangladesh";2014;"Asia";5;8
"Barbados";2014;"Americas";12;16
"Belarus";2014;"Eurasia";1;3
"Belgium";2014;"Europe";12;15
"Belize";2014;"Americas";10;15
"Benin";2014;"Africa";8;15
"Bhutan";2014;"Asia";9;9
"Bolivia";2014;"Americas";7;14
"Bosnia and Herzegovina";2014;"Europe";6;10
"Botswana";2014;"Africa";8;13
"Brazil";2014;"Americas";8;15
"Brunei";2014;"Asia";3;6
"Bulgaria";2014;"Europe";7;14
"Burkina Faso";2014;"Africa";4;13
"Burundi";2014;"Africa";2;8
"Cabo Verde";2014;"Africa";10;15
"Cambodia";2014;"Asia";3;9
"Cameroon";2014;"Africa";2;7
"Canada";2014;"Americas";11;16
"Central African Republic";2014;"Africa";0;4
"Chad";2014;"Africa";1;7
"Chile";2014;"Americas";12;16
"China";2014;"Asia";2;4
"Colombia";2014;"Americas";7;12
"Comoros";2014;"Africa";5;10
"Congo (Brazzaville)";2014;"Africa";3;8
"Congo (Kinshasa)";2014;"Africa";2;7
"Costa Rica";2014;"Americas";10;16
"Cote d'Ivoire";2014;"Africa";4;10
"Croatia";2014;"Europe";9;14
"Cuba";2014;"Americas";1;3
"Cyprus";2014;"Europe";10;15
"Czech Republic";2014;"Europe";10;16
"Denmark";2014;"Europe";12;16
"Djibouti";2014;"Africa";3;7
"Dominica";2014;"Americas";10;15
"Dominican Republic";2014;"Americas";9;15
"Ecuador";2014;"Americas";6;13
"Egypt";2014;"Africa";2;6
"El Salvador";2014;"Americas";9;15
"Equatorial Guinea";2014;"Africa";0;4
"Eritrea";2014;"Africa";1;0
"Estonia";2014;"Europe";12;16
"Eswatini";2014;"Africa";0;8
"Ethiopia";2014;"Africa";4;3
"Fiji";2014;"Asia";2;11
"Finland";2014;"Europe";12;16
"France";2014;"Europe";11;15
"Gabon";2014;"Africa";3;10
"Gaza Strip";2014;"Middle East";1;4
"Georgia";2014;"Eurasia";7;12
"Germany";2014;"Europe";12;15
"Ghana";2014;"Africa";10;14
"Greece";2014;"Europe";8;14
"Grenada";2014;"Americas";10;15
"Guatemala";2014;"Americas";5;12
"Guinea";2014;"Africa";3;9
"Guinea-Bissau";2014;"Africa";1;10
"Guyana";2014;"Americas";7;15
"Haiti";2014;"Americas";5;10
"Honduras";2014;"Americas";4;11
"Hong Kong";2014;"Asia";6;14
"Hungary";2014;"Europe";9;15
"Iceland";2014;"Europe";12;16
"India";2014;"Asia";9;13
"Indian Kashmir";2014;"Asia";4;9
"Indonesia";2014;"Asia";6;12
"Iran";2014;"Middle East";2;2
"Iraq";2014;"Middle East";1;5
"Ireland";2014;"Europe";11;16
"Israel";2014;"Middle East";10;12
"Italy";2014;"Europe";10;15
"Jamaica";2014;"Americas";9;15
"Japan";2014;"Asia";10;14
"Jordan";2014;"Middle East";3;7
"Kazakhstan";2014;"Eurasia";1;4
"Kenya";2014;"Africa";5;11
"Kiribati";2014;"Asia";8;15
"Kosovo";2014;"Europe";3;8
"Kuwait";2014;"Middle East";5;6
"Kyrgyzstan";2014;"Eurasia";4;9
"Laos";2014;"Asia";1;4
"Latvia";2014;"Europe";7;15
"Lebanon";2014;"Middle East";3;11
"Lesotho";2014;"Africa";8;14
"Liberia";2014;"Africa";6;10
"Libya";2014;"Africa";3;8
"Liechtenstein";2014;"Europe";12;16
"Lithuania";2014;"Europe";9;16
"Luxembourg";2014;"Europe";11;16
"Madagascar";2014;"Africa";1;9
"Malawi";2014;"Africa";7;11
"Malaysia";2014;"Asia";6;8
"Maldives";2014;"Asia";5;7
"Mali";2014;"Africa";4;11
"Malta";2014;"Europe";11;16
"Marshall Islands";2014;"Asia";10;16
"Mauritania";2014;"Africa";5;10
"Mauritius";2014;"Africa";11;15
"Mexico";2014;"Americas";7;13
"Micronesia";2014;"Asia";10;16
"Moldova";2014;"Eurasia";6;11
"Monaco";2014;"Europe";10;16
"Mongolia";2014;"Asia";9;15
"Montenegro";2014;"Europe";7;13
"Morocco";2014;"Africa";3;8
"Mozambique";2014;"Africa";7;12
"Myanmar";2014;"Asia";3;7
"Nagorno-Karabakh";2014;"Eurasia";3;6
"Namibia";2014;"Africa";9;14
"Nauru";2014;"Asia";10;15
"Nepal";2014;"Asia";4;9
"Netherlands";2014;"Europe";12;16
"New Zealand";2014;"Asia";12;16
"Nicaragua";2014;"Americas";6;12
"Niger";2014;"Africa";7;11
"Nigeria";2014;"Africa";5;9
"North Korea";2014;"Asia";0;0
"North Macedonia";2014;"Europe";7;11
"Northern Cyprus";2014;"Europe";9;14
"Norway";2014;"Europe";12;16
"Oman";2014;"Middle East";2;5
"Pakistan";2014;"Asia";5;5
"Pakistani Kashmir";2014;"Asia";3;6
"Palau";2014;"Asia";10;16
"Panama";2014;"Americas";8;15
"Papua New Guinea";2014;"Asia";5;12
"Paraguay";2014;"Americas";4;12
"Peru";2014;"Americas";7;15
"Philippines";2014;"Asia";7;14
"Poland";2014;"Europe";10;16
"Portugal";2014;"Europe";11;16
"Puerto Rico";2014;"Americas";10;16
"Qatar";2014;"Middle East";3;8
"Romania";2014;"Europe";9;14
"Russia";2014;"Eurasia";3;6
"Rwanda";2014;"Africa";5;5
"Samoa";2014;"Asia";10;14
"San Marino";2014;"Europe";12;16
"Sao Tome and Principe";2014;"Africa";9;15
"Saudi Arabia";2014;"Middle East";1;3
"Senegal";2014;"Africa";9;15
"Serbia";2014;"Europe";7;15
"Seychelles";2014;"Africa";7;11
"Sierra Leone";2014;"Africa";7;12
"Singapore";2014;"Asia";7;9
"Slovakia";2014;"Europe";10;16
"Slovenia";2014;"Europe";11;14
"Solomon Islands";2014;"Asia";6;14
"Somalia";2014;"Africa";0;1
"Somaliland";2014;"Africa";6;7
"South Africa";2014;"Africa";8;15
"South Korea";2014;"Asia";10;14
"South Ossetia";2014;"Eurasia";0;4
"South Sudan";2014;"Africa";2;7
"Spain";2014;"Europe";11;15
"Sri Lanka";2014;"Asia";4;7
"St. Kitts and Nevis";2014;"Americas";9;15
"St. Lucia";2014;"Americas";11;15
"St. Vincent and the Grenadines";2014;"Americas";9;15
"Sudan";2014;"Africa";1;3
"Suriname";2014;"Americas";8;15
"Sweden";2014;"Europe";12;16
"Switzerland";2014;"Europe";12;15
"Syria";2014;"Middle East";0;1
"Taiwan";2014;"Asia";10;14
"Tajikistan";2014;"Eurasia";2;5
"Tanzania";2014;"Africa";8;10
"Thailand";2014;"Asia";5;10
"The Gambia";2014;"Africa";0;4
"Tibet";2014;"Asia";1;0
"Timor-Leste";2014;"Asia";6;12
"Togo";2014;"Africa";5;9
"Tonga";2014;"Asia";6;13
"Transnistria";2014;"Eurasia";2;5
"Trinidad and Tobago";2014;"Americas";9;15
"Tunisia";2014;"Africa";6;11
"Turkey";2014;"Europe";7;9
"Turkmenistan";2014;"Eurasia";0;2
"Tuvalu";2014;"Asia";10;16
"Uganda";2014;"Africa";3;10
"Ukraine";2014;"Eurasia";4;9
"United Arab Emirates";2014;"Middle East";2;4
"United Kingdom";2014;"Europe";12;15
"United States";2014;"Americas";10;15
"Uruguay";2014;"Americas";12;16
"Uzbekistan";2014;"Eurasia";0;1
"Vanuatu";2014;"Asia";8;15
"Venezuela";2014;"Americas";2;8
"Vietnam";2014;"Asia";2;4
"West Bank";2014;"Middle East";2;8
"Western Sahara";2014;"Africa";0;3
"Yemen";2014;"Middle East";3;6
"Zambia";2014;"Africa";7;11
"Zimbabwe";2014;"Africa";3;6
"Abkhazia";2013;"Eurasia";4;8
"Afghanistan";2013;"Asia";2;6
"Albania";2013;"Europe";6;13
"Algeria";2013;"Africa";3;7
"Andorra";2013;"Europe";12;16
"Angola";2013;"Africa";1;8
"Antigua and Barbuda";2013;"Americas";7;14
"Argentina";2013;"Americas";6;14
"Armenia";2013;"Eurasia";3;8
"Australia";2013;"Asia";12;16
"Austria";2013;"Europe";11;16
"Azerbaijan";2013;"Eurasia";2;4
"Bahamas";2013;"Americas";10;16
"Bahrain";2013;"Middle East";3;3
"Bangladesh";2013;"Asia";5;9
"Barbados";2013;"Americas";12;16
"Belarus";2013;"Eurasia";1;3
"Belgium";2013;"Europe";12;15
"Belize";2013;"Americas";11;15
"Benin";2013;"Africa";8;15
"Bhutan";2013;"Asia";7;8
"Bolivia";2013;"Americas";7;14
"Bosnia and Herzegovina";2013;"Europe";6;10
"Botswana";2013;"Africa";8;13
"Brazil";2013;"Americas";8;15
"Brunei";2013;"Asia";3;6
"Bulgaria";2013;"Europe";8;14
"Burkina Faso";2013;"Africa";4;13
"Burundi";2013;"Africa";2;8
"Cabo Verde";2013;"Africa";10;15
"Cambodia";2013;"Asia";3;9
"Cameroon";2013;"Africa";2;7
"Canada";2013;"Americas";12;16
"Central African Republic";2013;"Africa";2;8
"Chad";2013;"Africa";1;7
"Chile";2013;"Americas";12;16
"China";2013;"Asia";2;4
"Colombia";2013;"Americas";7;12
"Comoros";2013;"Africa";5;10
"Congo (Brazzaville)";2013;"Africa";3;8
"Congo (Kinshasa)";2013;"Africa";2;7
"Costa Rica";2013;"Americas";11;16
"Cote d'Ivoire";2013;"Africa";4;8
"Croatia";2013;"Europe";9;14
"Cuba";2013;"Americas";1;2
"Cyprus";2013;"Europe";11;15
"Czech Republic";2013;"Europe";11;16
"Denmark";2013;"Europe";12;16
"Djibouti";2013;"Africa";3;7
"Dominica";2013;"Americas";10;15
"Dominican Republic";2013;"Americas";9;15
"Ecuador";2013;"Americas";6;13
"Egypt";2013;"Africa";3;8
"El Salvador";2013;"Americas";9;15
"Equatorial Guinea";2013;"Africa";0;4
"Eritrea";2013;"Africa";1;0
"Estonia";2013;"Europe";12;16
"Eswatini";2013;"Africa";0;8
"Ethiopia";2013;"Africa";4;3
"Fiji";2013;"Asia";2;11
"Finland";2013;"Europe";12;16
"France";2013;"Europe";11;15
"Gabon";2013;"Africa";3;10
"Gaza Strip";2013;"Middle East";2;4
"Georgia";2013;"Eurasia";7;12
"Germany";2013;"Europe";12;15
"Ghana";2013;"Africa";10;14
"Greece";2013;"Europe";8;14
"Grenada";2013;"Americas";10;15
"Guatemala";2013;"Americas";5;12
"Guinea";2013;"Africa";2;9
"Guinea-Bissau";2013;"Africa";0;10
"Guyana";2013;"Americas";7;15
"Haiti";2013;"Americas";5;10
"Honduras";2013;"Americas";4;11
"Hong Kong";2013;"Asia";6;14
"Hungary";2013;"Europe";9;15
"Iceland";2013;"Europe";12;16
"India";2013;"Asia";9;13
"Indian Kashmir";2013;"Asia";4;9
"Indonesia";2013;"Asia";6;12
"Iran";2013;"Middle East";2;2
"Iraq";2013;"Middle East";1;5
"Ireland";2013;"Europe";11;16
"Israel";2013;"Middle East";10;12
"Italy";2013;"Europe";9;15
"Jamaica";2013;"Americas";8;15
"Japan";2013;"Asia";10;13
"Jordan";2013;"Middle East";3;7
"Kazakhstan";2013;"Eurasia";1;5
"Kenya";2013;"Africa";5;13
"Kiribati";2013;"Asia";8;15
"Kosovo";2013;"Europe";3;8
"Kuwait";2013;"Middle East";5;7
"Kyrgyzstan";2013;"Eurasia";4;9
"Laos";2013;"Asia";0;4
"Latvia";2013;"Europe";7;15
"Lebanon";2013;"Middle East";3;11
"Lesotho";2013;"Africa";8;14
"Liberia";2013;"Africa";6;11
"Libya";2013;"Africa";3;8
"Liechtenstein";2013;"Europe";12;16
"Lithuania";2013;"Europe";9;16
"Luxembourg";2013;"Europe";12;16
"Madagascar";2013;"Africa";1;9
"Malawi";2013;"Africa";7;11
"Malaysia";2013;"Asia";6;9
"Maldives";2013;"Asia";4;7
"Mali";2013;"Africa";2;8
"Malta";2013;"Europe";11;16
"Marshall Islands";2013;"Asia";10;16
"Mauritania";2013;"Africa";5;10
"Mauritius";2013;"Africa";11;15
"Mexico";2013;"Americas";7;13
"Micronesia";2013;"Asia";10;16
"Moldova";2013;"Eurasia";6;11
"Monaco";2013;"Europe";10;15
"Mongolia";2013;"Asia";9;15
"Montenegro";2013;"Europe";7;13
"Morocco";2013;"Africa";4;8
"Mozambique";2013;"Africa";7;12
"Myanmar";2013;"Asia";3;7
"Nagorno-Karabakh";2013;"Eurasia";3;6
"Namibia";2013;"Africa";9;14
"Nauru";2013;"Asia";10;15
"Nepal";2013;"Asia";4;9
"Netherlands";2013;"Europe";12;16
"New Zealand";2013;"Asia";12;16
"Nicaragua";2013;"Americas";4;12
"Niger";2013;"Africa";7;11
"Nigeria";2013;"Africa";5;9
"North Korea";2013;"Asia";0;0
"North Macedonia";2013;"Europe";7;11
"Northern Cyprus";2013;"Europe";9;13
"Norway";2013;"Europe";12;16
"Oman";2013;"Middle East";2;5
"Pakistan";2013;"Asia";5;5
"Pakistani Kashmir";2013;"Asia";3;6
"Palau";2013;"Asia";10;16
"Panama";2013;"Americas";9;15
"Papua New Guinea";2013;"Asia";4;12
"Paraguay";2013;"Americas";5;11
"Peru";2013;"Americas";7;15
"Philippines";2013;"Asia";7;14
"Poland";2013;"Europe";10;16
"Portugal";2013;"Europe";11;16
"Puerto Rico";2013;"Americas";10;16
"Qatar";2013;"Middle East";3;8
"Romania";2013;"Europe";8;14
"Russia";2013;"Eurasia";3;6
"Rwanda";2013;"Africa";4;4
"Samoa";2013;"Asia";10;14
"San Marino";2013;"Europe";12;16
"Sao Tome and Principe";2013;"Africa";9;15
"Saudi Arabia";2013;"Middle East";1;3
"Senegal";2013;"Africa";8;14
"Serbia";2013;"Europe";7;15
"Seychelles";2013;"Africa";7;11
"Sierra Leone";2013;"Africa";8;13
"Singapore";2013;"Asia";7;10
"Slovakia";2013;"Europe";10;16
"Slovenia";2013;"Europe";11;14
"Solomon Islands";2013;"Asia";6;14
"Somalia";2013;"Africa";0;1
"Somaliland";2013;"Africa";6;7
"South Africa";2013;"Africa";8;15
"South Korea";2013;"Asia";10;14
"South Ossetia";2013;"Eurasia";0;4
"South Sudan";2013;"Africa";2;8
"Spain";2013;"Europe";11;16
"Sri Lanka";2013;"Asia";4;8
"St. Kitts and Nevis";2013;"Americas";10;15
"St. Lucia";2013;"Americas";11;16
"St. Vincent and the Grenadines";2013;"Americas";9;15
"Sudan";2013;"Africa";1;3
"Suriname";2013;"Americas";8;15
"Sweden";2013;"Europe";12;16
"Switzerland";2013;"Europe";12;15
"Syria";2013;"Middle East";1;2
"Taiwan";2013;"Asia";10;14
"Tajikistan";2013;"Eurasia";2;5
"Tanzania";2013;"Africa";7;11
"Thailand";2013;"Asia";5;9
"The Gambia";2013;"Africa";0;5
"Tibet";2013;"Asia";1;0
"Timor-Leste";2013;"Asia";6;12
"Togo";2013;"Africa";4;8
"Tonga";2013;"Asia";4;13
"Transnistria";2013;"Eurasia";2;6
"Trinidad and Tobago";2013;"Americas";9;15
"Tunisia";2013;"Africa";5;10
"Turkey";2013;"Europe";7;9
"Turkmenistan";2013;"Eurasia";0;2
"Tuvalu";2013;"Asia";10;16
"Uganda";2013;"Africa";3;11
"Ukraine";2013;"Eurasia";4;10
"United Arab Emirates";2013;"Middle East";2;4
"United Kingdom";2013;"Europe";12;15
"United States";2013;"Americas";10;16
"Uruguay";2013;"Americas";11;16
"Uzbekistan";2013;"Eurasia";0;1
"Vanuatu";2013;"Asia";8;15
"Venezuela";2013;"Americas";2;9
"Vietnam";2013;"Asia";1;4
"West Bank";2013;"Middle East";2;8
"Western Sahara";2013;"Africa";0;3
"Yemen";2013;"Middle East";2;6
"Zambia";2013;"Africa";7;11
"Zimbabwe";2013;"Africa";3;6
