CustomerID,FirstName,MiddleInitial,LastName
1,Aaron,NULL,Alexander
2,Aaron,NULL,Bryant
3,Aaron,NULL,Butler
4,Aaron,NULL,Chen
5,Aaron,NULL,Coleman
6,Aaron,NULL,Con
7,Aaron,NULL,Edwards
8,Aaron,NULL,Flores
9,Aaron,NULL,Foster
10,Aaron,NULL,Gonzales
11,Aaron,NULL,Griffin
12,Aaron,NULL,Henderson
13,Aaron,NULL,Hernandez
14,Aaron,NULL,Hill
15,Aaron,NULL,Jai
16,Aaron,NULL,Jenkins
17,Aaron,NULL,Lal
18,Aaron,NULL,Li
19,Aaron,NULL,Nicholls
20,Aaron,NULL,Perry
21,Aaron,NULL,Powell
22,Aaron,NULL,Roberts
23,Aaron,NULL,Russell
24,Aaron,NULL,Shan
25,Aaron,NULL,Simmons
26,Aaron,A,Allen
27,Aaron,A,Hayes
28,Aaron,A,Zhang
29,Aaron,B,Adams
30,Aaron,C,Campbell
31,Aaron,C,Diaz
32,Aaron,C,Scott
33,Aaron,C,Yang
34,Aaron,E,Baker
35,Aaron,E,Evans
36,Aaron,J,Carter
37,Aaron,J,Hughes
38,Aaron,J,McDonald
39,Aaron,J,Sharma
40,Aaron,K,Hall
41,Aaron,L,King
42,Aaron,L,Perez
43,Aaron,L,Washington
44,Aaron,L,Wright
45,Aaron,M,Gonzalez
46,Aaron,M,Kumar
47,Aaron,M,Young
48,Aaron,N,Ross
49,Aaron,P,Collins
50,Aaron,R,Green
51,Aaron,R,Nelson
52,Aaron,R,Phillips
53,Aaron,V,Wang
54,Aaron,W,Mitchell
55,Aaron,W,Patterson
56,Abby,NULL,Arthur
57,Abby,NULL,Fernandez
58,Abby,NULL,Madan
59,Abby,NULL,Martinez
60,Abby,NULL,Patel
61,Abby,NULL,Perez
62,Abby,NULL,Sandberg
63,Abby,NULL,Subram
64,Abby,A,Garcia
65,Abby,C,Mehta
66,Abby,E,Chandra
67,Abby,J,Kapoor
68,Abby,J,Sanchez
69,Abby,K,Kovár
70,Abby,L,Sai
71,Abby,M,Lopez
72,Abby,P,Gonzalez
73,Abby,P,Rana
74,Abby,T,Raman
75,Abe,M,Tramel
76,Abhijit,NULL,Thakur
77,Abigail,NULL,Alexander
78,Abigail,NULL,Barnes
79,Abigail,NULL,Bell
80,Abigail,NULL,Clark
81,Abigail,NULL,Cox
82,Abigail,NULL,Foster
83,Abigail,NULL,Garcia
84,Abigail,NULL,Gonzales
85,Abigail,NULL,Harris
86,Abigail,NULL,Henderson
87,Abigail,NULL,Howard
88,Abigail,NULL,James
89,Abigail,NULL,Jenkins
90,Abigail,NULL,Johnson
91,Abigail,NULL,Martin
92,Abigail,NULL,Martinez
93,Abigail,NULL,Miller
94,Abigail,NULL,Murphy
95,Abigail,NULL,Patterson
96,Abigail,NULL,Rodriguez
97,Abigail,NULL,Rogers
98,Abigail,NULL,Ross
99,Abigail,NULL,Sanchez
100,Abigail,NULL,Simmons
101,Abigail,NULL,Smith
102,Abigail,NULL,Stewart
103,Abigail,NULL,Thompson
104,Abigail,NULL,Torres
105,Abigail,NULL,Walker
106,Abigail,NULL,Washington
107,Abigail,A,Gonzales
108,Abigail,A,Griffin
109,Abigail,A,Kelly
110,Abigail,B,Powell
111,Abigail,C,Brooks
112,Abigail,C,Coleman
113,Abigail,C,Morgan
114,Abigail,C,Morris
115,Abigail,D,Cooper
116,Abigail,D,Rivera
117,Abigail,E,Bailey
118,Abigail,E,Coleman
119,Abigail,E,Jones
120,Abigail,F,Long
121,Abigail,G,Diaz
122,Abigail,G,Hughes
123,Abigail,H,Patterson
124,Abigail,H,Russell
125,Abigail,H,Wood
126,Abigail,I,Ross
127,Abigail,J,Cook
128,Abigail,J,Gonzalez
129,Abigail,J,Lewis
130,Abigail,J,Sanders
131,Abigail,J,Ward
132,Abigail,K,Bryant
133,Abigail,K,Butler
134,Abigail,L,Anderson
135,Abigail,L,Bennett
136,Abigail,L,Diaz
137,Abigail,L,Flores
138,Abigail,L,Peterson
139,Abigail,M,Long
140,Abigail,M,Perry
141,Abigail,M,Price
142,Abigail,M,Williams
143,Abigail,R,Foster
144,Abigail,R,Henderson
145,Abigail,R,Reed
146,Abigail,R,Robinson
147,Abigail,S,Ramirez
148,Abigail,S,Richardson
149,Abigail,T,Hughes
150,Abigail,T,White
151,Abigail,W,Simmons
152,Abraham,L,Swearengin
153,Adam,NULL,Adams
154,Adam,NULL,Baker
155,Adam,NULL,Barr
156,Adam,NULL,Bryant
157,Adam,NULL,Butler
158,Adam,NULL,Chen
159,Adam,NULL,Edwards
160,Adam,NULL,Griffin
161,Adam,NULL,Hayes
162,Adam,NULL,Henderson
163,Adam,NULL,Hill
164,Adam,NULL,Hughes
165,Adam,NULL,Jai
166,Adam,NULL,Lal
167,Adam,NULL,Li
168,Adam,NULL,Long
169,Adam,NULL,Mitchell
170,Adam,NULL,Perry
171,Adam,NULL,Powell
172,Adam,NULL,Ross
173,Adam,NULL,Scott
174,Adam,NULL,Sharma
175,Adam,NULL,Simmons
176,Adam,NULL,Wright
177,Adam,NULL,Young
178,Adam,A,Campbell
179,Adam,A,Collins
180,Adam,A,Hall
181,Adam,A,Shan
182,Adam,B,Nelson
183,Adam,C,Allen
184,Adam,D,Perez
185,Adam,E,Lopez
186,Adam,G,Washington
187,Adam,H,Diaz
188,Adam,H,Evans
189,Adam,J,Gonzalez
190,Adam,J,Reynolds
191,Adam,J,Russell
192,Adam,K,Kumar
193,Adam,K,Turner
194,Adam,L,Flores
195,Adam,L,Roberts
196,Adam,L,Wang
197,Adam,M,Gonzales
198,Adam,M,Green
199,Adam,M,Jenkins
200,Adam,M,King
201,Adam,M,Patterson
202,Adam,R,Parker
203,Adam,R,Phillips
204,Adam,W,Hernandez
205,Adam,W,Zhang
206,Adina,NULL,Hagege
207,Adrian,NULL,Bailey
208,Adrian,NULL,Bell
209,Adrian,NULL,Cooper
210,Adrian,NULL,Dumitrascu
211,Adrian,NULL,Morgan
212,Adrian,NULL,Rivera
213,Adrian,NULL,Sanders
214,Adrian,NULL,Torres
215,Adrian,B,Howard
216,Adrian,C,James
217,Adrian,C,Richardson
218,Adrian,C,Stewart
219,Adrian,E,Brooks
220,Adrian,F,Morris
221,Adrian,J,Cox
222,Adrian,J,Peterson
223,Adrian,K,Ramirez
224,Adrian,K,Watson
225,Adrian,L,Gray
226,Adrian,L,Sanchez
227,Adrian,P,Ward
228,Adrian,S,Cook
229,Adriana,NULL,Chandra
230,Adriana,NULL,Garcia
231,Adriana,NULL,Kapoor
232,Adriana,NULL,Madan
233,Adriana,NULL,Malhotra
234,Adriana,NULL,Mehta
235,Adriana,NULL,Rana
236,Adriana,NULL,Rodriguez
237,Adriana,NULL,Sanchez
238,Adriana,NULL,Smith
239,Adriana,NULL,Subram
240,Adriana,NULL,Suri
241,Adriana,NULL,Vance
242,Adriana,A,Lopez
243,Adriana,A,Sai
244,Adriana,C,Raman
245,Adriana,J,Arthur
246,Adriana,K,Perez
247,Adriana,L,Gonzalez
248,Adriana,L,Patel
249,Adriana,M,Sara
250,Adriana,S,Martinez
251,Adriana,W,Prasad
252,Adrienne,NULL,Gill
253,Adrienne,NULL,Gomez
254,Adrienne,NULL,Gutierrez
255,Adrienne,NULL,Martin
256,Adrienne,NULL,Navarro
257,Adrienne,NULL,Ruiz
258,Adrienne,NULL,Sanz
259,Adrienne,NULL,Serrano
260,Adrienne,NULL,Suarez
261,Adrienne,NULL,Vazquez
262,Adrienne,C,Torres
263,Adrienne,L,Alvarez
264,Adrienne,L,Jiménez
265,Adrienne,L,Ramos
266,Adrienne,M,Blanco
267,Adrienne,M,Dominguez
268,Adrienne,Y,Hernandez
269,Adrienne,Y,Ortega
270,Aidan,NULL,Alexander
271,Aidan,NULL,Barnes
272,Aidan,NULL,Bennett
273,Aidan,NULL,Delaney
274,Aidan,NULL,Flores
275,Aidan,NULL,Foster
276,Aidan,NULL,Hayes
277,Aidan,NULL,Henderson
278,Aidan,NULL,Jenkins
279,Aidan,NULL,Powell
280,Aidan,NULL,Russell
281,Aidan,NULL,Simmons
282,Aidan,NULL,Washington
283,Aidan,NULL,Wood
284,Aidan,A,Griffin
285,Aidan,B,Butler
286,Aidan,B,Patterson
287,Aidan,D,Ross
288,Aidan,E,Hughes
289,Aidan,G,Gonzales
290,Aidan,J,Long
291,Aidan,L,Coleman
292,Aidan,L,Diaz
293,Aidan,O,Perry
294,Aidan,R,Bryant
295,Aimee,NULL,Chen
296,Aimee,NULL,Gao
297,Aimee,NULL,Guo
298,Aimee,NULL,Huang
299,Aimee,NULL,Li
300,Aimee,NULL,Liu
301,Aimee,NULL,She
302,Aimee,NULL,Wang
303,Aimee,NULL,Wu
304,Aimee,NULL,Zeng
305,Aimee,NULL,Zhang
306,Aimee,A,He
307,Aimee,H,Zheng
308,Aimee,J,Lu
309,Aimee,M,Zhou
310,Aimee,R,Hu
311,Aimee,R,Ma
312,Aimee,R,Sun
313,Ajay,NULL,Manchepalli
314,Ajay,NULL,Salanki
315,Ajay,NULL,Solanki
316,Alan,NULL,Brewer
317,Alan,NULL,Cai
318,Alan,NULL,Chen
319,Alan,NULL,Gao
320,Alan,NULL,Guo
321,Alan,NULL,Hu
322,Alan,NULL,Lin
323,Alan,NULL,Lu
324,Alan,NULL,Shen
325,Alan,NULL,Steiner
326,Alan,NULL,Wang
327,Alan,NULL,Xu
328,Alan,NULL,Ye
329,Alan,NULL,Zhang
330,Alan,NULL,Zheng
331,Alan,NULL,Zhou
332,Alan,NULL,Zhu
333,Alan,A,He
334,Alan,A,Huang
335,Alan,A,She
336,Alan,J,Brewer
337,Alan,J,Ma
338,Alan,L,Liang
339,Alan,L,Monitor
340,Alan,L,Yang
341,Alan,M,Li
342,Alan,M,Zeng
343,Alan,V,Liu
344,Alan,W,Sun
345,Albert,NULL,Dominguez
346,Albert,NULL,Hernandez
347,Albert,NULL,Martin
348,Albert,NULL,Moreno
349,Albert,NULL,Mungin
350,Albert,NULL,Romero
351,Albert,NULL,Rubio
352,Albert,NULL,Vazquez
353,Albert,A,Diaz
354,Albert,A,Ortega
355,Albert,A,Rhodes
356,Albert,D,Jiménez
357,Albert,E,Ramos
358,Albert,E,Serrano
359,Albert,G,Sanz
360,Albert,L,Navarro
361,Albert,M,Alonso
362,Albert,M,Gomez
363,Albert,R,Alvarez
364,Albert,S,Cabello
365,Albert,W,Blanco
366,Albert,W,Castro
367,Albert,W,Suarez
368,Alberto,NULL,Alonso
369,Alberto,NULL,Alvarez
370,Alberto,NULL,Gomez
371,Alberto,NULL,Ortega
372,Alberto,NULL,Ramos
373,Alberto,NULL,Romero
374,Alberto,A,Diaz
375,Alberto,C,Jiménez
376,Alberto,C,Navarro
377,Alberto,D,Hernandez
378,Alberto,F,Baltazar
379,Alberto,G,Suarez
380,Alberto,J,Muñoz
381,Alberto,L,Ruiz
382,Alberto,L,Serrano
383,Alberto,M,Sanz
384,Alberto,P,Gill
385,Alberto,R,Blanco
386,Alberto,R,Dominguez
387,Alberto,R,Gutierrez
388,Alberto,R,Martin
389,Alberto,W,Rowe
390,Aldeen,J,Gallagher
391,Alejandro,NULL,Beck
392,Alejandro,NULL,Chen
393,Alejandro,NULL,Deng
394,Alejandro,NULL,Guo
395,Alejandro,NULL,Hu
396,Alejandro,NULL,Huang
397,Alejandro,NULL,Kumar
398,Alejandro,NULL,Lal
399,Alejandro,NULL,Lu
400,Alejandro,NULL,McGuel
401,Alejandro,NULL,Shan
402,Alejandro,NULL,Wang
403,Alejandro,NULL,Wu
404,Alejandro,NULL,Xie
405,Alejandro,A,Li
406,Alejandro,A,Zhou
407,Alejandro,B,Andersen
408,Alejandro,B,Sun
409,Alejandro,C,Zhao
410,Alejandro,E,McGuel
411,Alejandro,E,Raji
412,Alejandro,E,Zhu
413,Alejandro,F,Chavez
414,Alejandro,H,She
415,Alejandro,J,Cai
416,Alejandro,J,Nath
417,Alejandro,J,Shen
418,Alejandro,J,Xu
419,Alejandro,J,Yuan
420,Alejandro,J,Zeng
421,Alejandro,K,Goel
422,Alejandro,K,Luo
423,Alejandro,K,Zheng
424,Alejandro,L,Lin
425,Alejandro,L,Ma
426,Alejandro,L,Tang
427,Alejandro,M,Chander
428,Alejandro,M,Yang
429,Alejandro,P,Gao
430,Alejandro,P,Zhang
431,Alejandro,R,Anand
432,Alejandro,R,Liu
433,Alejandro,R,Rai
434,Alejandro,R,Xu
435,Alejandro,S,Nara
436,Alejandro,T,Sharma
437,Alejandro,W,Liang
438,Alejandro,W,Ye
439,Alex,NULL,Allen
440,Alex,NULL,Baker
441,Alex,NULL,Brooks
442,Alex,NULL,Campbell
443,Alex,NULL,Cook
444,Alex,NULL,Cox
445,Alex,NULL,Gray
446,Alex,NULL,Hankin
447,Alex,NULL,Hernandez
448,Alex,NULL,Lopez
449,Alex,NULL,Morris
450,Alex,NULL,Murphy
451,Alex,NULL,Nayberg
452,Alex,NULL,Nelson
453,Alex,NULL,Parker
454,Alex,NULL,Perez
455,Alex,NULL,Wright
456,Alex,A,Gonzalez
457,Alex,A,Rogers
458,Alex,B,King
459,Alex,B,Watson
460,Alex,C,Adams
461,Alex,C,Evans
462,Alex,C,Hill
463,Alex,D,Young
464,Alex,E,Richardson
465,Alex,E,Sanders
466,Alex,F,Phillips
467,Alex,I,Reed
468,Alex,I,Ward
469,Alex,J,Ramirez
470,Alex,J,Turner
471,Alex,K,Edwards
472,Alex,K,Green
473,Alex,K,Roberts
474,Alex,K,Sanchez
475,Alex,L,Bailey
476,Alex,L,Cooper
477,Alex,L,James
478,Alex,L,Torres
479,Alex,M,Bell
480,Alex,M,Carter
481,Alex,M,Morgan
482,Alex,M,Nayberg
483,Alex,M,Peterson
484,Alex,M,Stewart
485,Alex,O,Kelly
486,Alex,S,Collins
487,Alex,S,Mitchell
488,Alex,T,Scott
489,Alex,W,Howard
490,Alexa,NULL,Bailey
491,Alexa,NULL,Cook
492,Alexa,NULL,Cooper
493,Alexa,NULL,Cox
494,Alexa,NULL,Gray
495,Alexa,NULL,Howard
496,Alexa,NULL,James
497,Alexa,NULL,Kelly
498,Alexa,NULL,Morris
499,Alexa,NULL,Murphy
500,Alexa,NULL,Peterson
501,Alexa,NULL,Richardson
502,Alexa,NULL,Rivera
503,Alexa,NULL,Watson
504,Alexa,A,Travers
505,Alexa,C,Reed
506,Alexa,D,Stewart
507,Alexa,E,Sanders
508,Alexa,F,Brooks
509,Alexa,H,Rogers
510,Alexa,J,Sanchez
511,Alexa,R,Bell
512,Alexa,W,Ward
513,Alexander,NULL,Garcia
514,Alexander,NULL,Miller
515,Alexander,NULL,Smith
516,Alexander,NULL,Thompson
517,Alexander,NULL,Wilson
518,Alexander,D,White
519,Alexander,E,Harris
520,Alexander,E,Taylor
521,Alexander,G,Anderson
522,Alexander,I,Jones
523,Alexander,J,Berger
524,Alexander,J,Deborde
525,Alexander,J,Robinson
526,Alexander,K,Martin
527,Alexander,K,Martinez
528,Alexander,L,Brown
529,Alexander,L,Williams
530,Alexander,M,Johnson
531,Alexander,M,Walker
532,Alexander,R,Jackson
533,Alexander,S,Davis
534,Alexander,S,Lee
535,Alexander,S,Rodriguez
536,Alexandra,NULL,Baker
537,Alexandra,NULL,Bennett
538,Alexandra,NULL,Bryant
539,Alexandra,NULL,Collins
540,Alexandra,NULL,Cook
541,Alexandra,NULL,Cooper
542,Alexandra,NULL,Davis
543,Alexandra,NULL,Edwards
544,Alexandra,NULL,Evans
545,Alexandra,NULL,Foster
546,Alexandra,NULL,Gray
547,Alexandra,NULL,Griffin
548,Alexandra,NULL,Hall
549,Alexandra,NULL,Harris
550,Alexandra,NULL,Howard
551,Alexandra,NULL,Hughes
552,Alexandra,NULL,James
553,Alexandra,NULL,Lee
554,Alexandra,NULL,Lewis
555,Alexandra,NULL,Lopez
556,Alexandra,NULL,McDonald
557,Alexandra,NULL,Mitchell
558,Alexandra,NULL,Moore
559,Alexandra,NULL,Morris
560,Alexandra,NULL,Murphy
561,Alexandra,NULL,Nelson
562,Alexandra,NULL,Powell
563,Alexandra,NULL,Richardson
564,Alexandra,NULL,Rivera
565,Alexandra,NULL,Roberts
566,Alexandra,NULL,Rodriguez
567,Alexandra,NULL,Sanders
568,Alexandra,NULL,Scott
569,Alexandra,NULL,Smith
570,Alexandra,NULL,Taylor
571,Alexandra,NULL,Turner
572,Alexandra,NULL,Walker
573,Alexandra,NULL,Wilson
574,Alexandra,A,Coleman
575,Alexandra,A,Jackson
576,Alexandra,A,Patterson
577,Alexandra,A,Robinson
578,Alexandra,A,Winston
579,Alexandra,B,Allen
580,Alexandra,B,Jones
581,Alexandra,B,Ramirez
582,Alexandra,B,White
583,Alexandra,C,Flores
584,Alexandra,C,Hernandez
585,Alexandra,C,King
586,Alexandra,C,Martin
587,Alexandra,C,Price
588,Alexandra,C,Reed
589,Alexandra,C,Ross
590,Alexandra,C,Thomas
591,Alexandra,C,Wood
592,Alexandra,D,Jenkins
593,Alexandra,E,Carter
594,Alexandra,E,Miller
595,Alexandra,E,Wagner
596,Alexandra,E,Washington
597,Alexandra,E,Wright
598,Alexandra,G,Parker
599,Alexandra,H,Brooks
600,Alexandra,H,Russell
601,Alexandra,H,Watson
602,Alexandra,I,Young
603,Alexandra,J,Adams
604,Alexandra,J,Bailey
605,Alexandra,J,Diaz
606,Alexandra,J,Garcia
607,Alexandra,J,Henderson
608,Alexandra,J,Johnson
609,Alexandra,J,Sanchez
610,Alexandra,K,Campbell
611,Alexandra,K,Hill
612,Alexandra,K,Wellington
613,Alexandra,L,Anderson
614,Alexandra,L,Perry
615,Alexandra,M,Alexander
616,Alexandra,M,Gonzales
617,Alexandra,M,Green
618,Alexandra,M,Hall
619,Alexandra,M,Morgan
620,Alexandra,M,Perez
621,Alexandra,M,Rogers
622,Alexandra,P,Barnes
623,Alexandra,R,Bell
624,Alexandra,R,Brown
625,Alexandra,R,Clark
626,Alexandra,S,Stewart
627,Alexandra,S,Thompson
628,Alexandra,W,Cox
629,Alexandre,NULL,Lobao
630,Alexandre,NULL,Silva
631,Alexandria,NULL,Alexander
632,Alexandria,NULL,Barnes
633,Alexandria,NULL,Bradley
634,Alexandria,NULL,Brooks
635,Alexandria,NULL,Bryant
636,Alexandria,NULL,Butler
637,Alexandria,NULL,Cook
638,Alexandria,NULL,Diaz
639,Alexandria,NULL,Flores
640,Alexandria,NULL,Griffin
641,Alexandria,NULL,Howard
642,Alexandria,NULL,Morris
643,Alexandria,NULL,Murphy
644,Alexandria,NULL,Powell
645,Alexandria,NULL,Price
646,Alexandria,NULL,Reed
647,Alexandria,NULL,Richardson
648,Alexandria,NULL,Rogers
649,Alexandria,NULL,Ross
650,Alexandria,NULL,Sandberg
651,Alexandria,NULL,Simmons
652,Alexandria,NULL,Stewart
653,Alexandria,A,Bell
654,Alexandria,A,Gonzales
655,Alexandria,A,Patterson
656,Alexandria,A,Ramirez
657,Alexandria,A,Sanchez
658,Alexandria,C,Coleman
659,Alexandria,C,Hayes
660,Alexandria,C,Ward
661,Alexandria,D,Russell
662,Alexandria,E,Gray
663,Alexandria,E,Long
664,Alexandria,F,Peterson
665,Alexandria,I,Kelly
666,Alexandria,L,Cox
667,Alexandria,L,Foster
668,Alexandria,L,Jenkins
669,Alexandria,L,Morgan
670,Alexandria,M,Washington
671,Alexandria,M,Wood
672,Alexandria,R,Henderson
673,Alexandria,T,Watson
674,Alexandria,V,Bailey
675,Alexandria,W,Hughes
676,Alexia,NULL,Alexander
677,Alexia,NULL,Bennett
678,Alexia,NULL,Diaz
679,Alexia,NULL,Foster
680,Alexia,NULL,Hayes
681,Alexia,NULL,Powell
682,Alexia,NULL,Russell
683,Alexia,NULL,Washington
684,Alexia,NULL,Wood
685,Alexia,D,Barnes
686,Alexia,D,Flores
687,Alexia,E,Coleman
688,Alexia,F,Butler
689,Alexia,J,Perry
690,Alexia,L,Bryant
691,Alexia,L,Price
692,Alexia,M,Henderson
693,Alexia,M,Hughes
694,Alexia,S,Ross
695,Alexia,W,Griffin
696,Alexis,NULL,Bennett
697,Alexis,NULL,Butler
698,Alexis,NULL,Clark
699,Alexis,NULL,Diaz
700,Alexis,NULL,Flores
701,Alexis,NULL,Foster
702,Alexis,NULL,Gonzales
703,Alexis,NULL,Harris
704,Alexis,NULL,Hayes
705,Alexis,NULL,Henderson
706,Alexis,NULL,Jenkins
707,Alexis,NULL,Long
708,Alexis,NULL,Moore
709,Alexis,NULL,Patterson
710,Alexis,NULL,Robinson
711,Alexis,NULL,Simmons
712,Alexis,NULL,Taylor
713,Alexis,NULL,Thomas
714,Alexis,NULL,Walker
715,Alexis,NULL,Washington
716,Alexis,A,Brown
717,Alexis,A,Bryant
718,Alexis,A,Miller
719,Alexis,A,Wood
720,Alexis,B,Hughes
721,Alexis,C,White
722,Alexis,D,Williams
723,Alexis,D,Wilson
724,Alexis,E,Price
725,Alexis,G,Lewis
726,Alexis,H,Hall
727,Alexis,J,Barnes
728,Alexis,J,Johnson
729,Alexis,L,Alexander
730,Alexis,L,Lee
731,Alexis,L,Rodriguez
732,Alexis,L,Ross
733,Alexis,L,Russell
734,Alexis,L,Smith
735,Alexis,M,Coleman
736,Alexis,M,Jones
737,Alexis,M,Powell
738,Alexis,R,Thompson
739,Alexis,S,Ashe
740,Alexis,S,Griffin
741,Alexis,S,Martinez
742,Alexis,S,Perry
743,Alfredo,NULL,Carlson
744,Alfredo,NULL,"Fuentes Espinosa"
745,Alfredo,NULL,Jiménez
746,Alfredo,NULL,Moreno
747,Alfredo,NULL,Ramos
748,Alfredo,NULL,Romero
749,Alfredo,NULL,Ruiz
750,Alfredo,NULL,Sandberg
751,Alfredo,NULL,Serrano
752,Alfredo,NULL,Suarez
753,Alfredo,NULL,Torres
754,Alfredo,C,Gomez
755,Alfredo,C,Hernandez
756,Alfredo,C,Munoz
757,Alfredo,D,Rubio
758,Alfredo,F,Dominguez
759,Alfredo,J,Gutierrez
760,Alfredo,M,Gill
761,Alfredo,N,Navarro
762,Alfredo,P,Martin
763,Alfredo,T,Alonso
764,Alfredo,T,Blanco
765,Alfredo,W,Diaz
766,Alfredo,W,Ortega
767,Alice,NULL,Clark
768,Alice,J,Serventi
769,Alice,L,Kesterson
770,Alice,M,Steiner
771,Alice,O,Ciccu
772,Alicia,NULL,Jai
773,Alicia,NULL,Lal
774,Alicia,NULL,Luo
775,Alicia,NULL,Pal
776,Alicia,NULL,Raje
777,Alicia,NULL,Raji
778,Alicia,NULL,Shan
779,Alicia,NULL,Xie
780,Alicia,NULL,Xu
781,Alicia,NULL,Yuan
782,Alicia,A,Chapman
783,Alicia,D,Shen
784,Alicia,H,Goel
785,Alicia,L,Beck
786,Alicia,L,Sharma
787,Alicia,M,Rai
788,Alicia,S,Andersen
789,Alicia,W,She
790,Alícia,J,Anand
791,Alisha,NULL,Andersen
792,Alisha,NULL,Cai
793,Alisha,NULL,Chander
794,Alisha,NULL,Deng
795,Alisha,NULL,Gao
796,Alisha,NULL,Holt
797,Alisha,NULL,Lin
798,Alisha,NULL,Luo
799,Alisha,NULL,Ma
800,Alisha,NULL,Nath
801,Alisha,NULL,Rai
802,Alisha,NULL,Raji
803,Alisha,NULL,Shan
804,Alisha,NULL,Sun
805,Alisha,NULL,Wu
806,Alisha,NULL,Xu
807,Alisha,NULL,Yang
808,Alisha,NULL,Zheng
809,Alisha,A,Tang
810,Alisha,A,Zeng
811,Alisha,C,Goel
812,Alisha,C,Lal
813,Alisha,C,Xie
814,Alisha,D,Lu
815,Alisha,D,Nara
816,Alisha,E,Beck
817,Alisha,E,Hu
818,Alisha,E,Huang
819,Alisha,G,She
820,Alisha,G,Zhang
821,Alisha,G,Zhu
822,Alisha,I,Kumar
823,Alisha,J,Chen
824,Alisha,J,Raje
825,Alisha,J,Shen
826,Alisha,J,Ye
827,Alisha,L,Liang
828,Alisha,L,Liu
829,Alisha,M,Alan
830,Alisha,M,Chande
831,Alisha,M,Yuan
832,Alisha,M,Zhao
833,Alisha,N,Oliver
834,Alisha,P,Guo
835,Alisha,R,He
836,Alisha,V,Wang
837,Alisha,W,Li
838,Alison,NULL,Andersen
839,Alison,NULL,Beck
840,Alison,NULL,Chande
841,Alison,NULL,Chander
842,Alison,NULL,Goel
843,Alison,NULL,Jai
844,Alison,NULL,Kumar
845,Alison,NULL,Lal
846,Alison,NULL,Nara
847,Alison,NULL,Pal
848,Alison,NULL,Raji
849,Alison,NULL,Shan
850,Alison,NULL,Sharma
851,Alison,NULL,Tang
852,Alison,NULL,Xu
853,Alison,A,Luo
854,Alison,A,Shen
855,Alison,H,Xie
856,Alison,J,Anand
857,Alison,J,Nath
858,Alison,J,Raje
859,Alison,K,Yuan
860,Alison,M,Rai
861,Alison,W,Deng
862,Allen,NULL,Chandra
863,Allen,NULL,Fernandez
864,Allen,NULL,Gonzalez
865,Allen,NULL,Kapoor
866,Allen,NULL,Martinez
867,Allen,NULL,Schmidt
868,Allen,NULL,Smith
869,Allen,NULL,Subram
870,Allen,NULL,Suri
871,Allen,A,Malhotra
872,Allen,B,Perez
873,Allen,D,Rana
874,Allen,E,Sai
875,Allen,F,Garcia
876,Allen,I,Mehta
877,Allen,J,Patel
878,Allen,L,Rodriguez
879,Allen,M,Arthur
880,Allen,O,Lopez
881,Allen,R,Raman
882,Allison,NULL,Bailey
883,Allison,NULL,Baker
884,Allison,NULL,Brooks
885,Allison,NULL,Campbell
886,Allison,NULL,Carter
887,Allison,NULL,Collins
888,Allison,NULL,Edwards
889,Allison,NULL,Evans
890,Allison,NULL,Gonzalez
891,Allison,NULL,Green
892,Allison,NULL,Howard
893,Allison,NULL,Kelly
894,Allison,NULL,Mitchell
895,Allison,NULL,Nelson
896,Allison,NULL,Parker
897,Allison,NULL,Phillips
898,Allison,NULL,Ramirez
899,Allison,NULL,Reed
900,Allison,NULL,Richardson
901,Allison,NULL,Rogers
902,Allison,NULL,Sanchez
903,Allison,NULL,Scott
904,Allison,NULL,Ward
905,Allison,A,Allen
906,Allison,A,Peterson
907,Allison,A,Turner
908,Allison,B,Morris
909,Allison,B,Sanders
910,Allison,C,Perez
911,Allison,D,Gray
912,Allison,D,Lopez
913,Allison,E,Torres
914,Allison,H,Watson
915,Allison,J,Cooper
916,Allison,J,Murphy
917,Allison,L,Adams
918,Allison,L,Bell
919,Allison,L,Cox
920,Allison,M,Hernandez
921,Allison,M,James
922,Allison,M,King
923,Allison,M,Rivera
924,Allison,M,Roberts
925,Allison,R,Stewart
926,Allison,R,Wright
927,Allison,R,Young
928,Alma,B,Poorbaugh
929,Alma,L,Son
930,Alvaro,NULL,"De Matos Miranda Filho"
931,Alvin,NULL,Beck
932,Alvin,NULL,Chen
933,Alvin,NULL,Goldstein
934,Alvin,NULL,He
935,Alvin,NULL,Huang
936,Alvin,NULL,Jai
937,Alvin,NULL,Lal
938,Alvin,NULL,Li
939,Alvin,NULL,Lin
940,Alvin,NULL,Lu
941,Alvin,NULL,Luo
942,Alvin,NULL,Ma
943,Alvin,NULL,Rai
944,Alvin,NULL,Shen
945,Alvin,NULL,Sun
946,Alvin,NULL,Wang
947,Alvin,NULL,Xu
948,Alvin,NULL,Yang
949,Alvin,NULL,Yuan
950,Alvin,NULL,Zhang
951,Alvin,NULL,Zhu
952,Alvin,A,Nara
953,Alvin,A,Zhao
954,Alvin,B,Ye
955,Alvin,C,Andersen
956,Alvin,C,Deng
957,Alvin,C,Pal
958,Alvin,D,Cai
959,Alvin,E,Hu
960,Alvin,E,She
961,Alvin,G,Anand
962,Alvin,J,Torre
963,Alvin,J,Xu
964,Alvin,K,Liu
965,Alvin,L,Tang
966,Alvin,M,Sharma
967,Alvin,M,Xie
968,Alvin,M,Zeng
969,Alvin,R,Guo
970,Alvin,R,Kumar
971,Alvin,R,Nath
972,Alvin,S,Raji
973,Alvin,V,Zheng
974,Alvin,W,Chande
975,Alyssa,NULL,Bryant
976,Alyssa,NULL,Diaz
977,Alyssa,NULL,Flores
978,Alyssa,NULL,Hughes
979,Alyssa,NULL,Lee
980,Alyssa,NULL,Martin
981,Alyssa,NULL,Miller
982,Alyssa,NULL,Morris
983,Alyssa,NULL,Powell
984,Alyssa,NULL,Price
985,Alyssa,NULL,Ramirez
986,Alyssa,NULL,Reed
987,Alyssa,NULL,Rodriguez
988,Alyssa,NULL,Rogers
989,Alyssa,NULL,Ross
990,Alyssa,NULL,Sanchez
991,Alyssa,NULL,Smith
992,Alyssa,NULL,West
993,Alyssa,NULL,Wilson
994,Alyssa,A,Cook
995,Alyssa,A,Howard
996,Alyssa,A,Richardson
997,Alyssa,C,Ashe
998,Alyssa,C,Bailey
999,Alyssa,C,Bradley
1000,Alyssa,C,Coleman
1001,Alyssa,C,Davis
1002,Alyssa,C,Gray
1003,Alyssa,C,Patterson
1004,Alyssa,C,Robinson
1005,Alyssa,C,Stewart
1006,Alyssa,C,Watson
1007,Alyssa,D,Kelly
1008,Alyssa,E,Cooper
1009,Alyssa,E,Harris
1010,Alyssa,E,Moore
1011,Alyssa,F,Brooks
1012,Alyssa,F,Cox
1013,Alyssa,H,Henderson
1014,Alyssa,I,Foster
1015,Alyssa,J,Clark
1016,Alyssa,J,James
1017,Alyssa,K,Johnson
1018,Alyssa,K,Lewis
1019,Alyssa,K,Thompson
1020,Alyssa,L,Butler
1021,Alyssa,L,Garcia
1022,Alyssa,L,Jackson
1023,Alyssa,L,Jenkins
1024,Alyssa,L,Morgan
1025,Alyssa,L,Thomas
1026,Alyssa,L,White
1027,Alyssa,M,Alexander
1028,Alyssa,M,Hall
1029,Alyssa,M,Jones
1030,Alyssa,M,Taylor
1031,Alyssa,M,Ward
1032,Alyssa,N,Russell
1033,Alyssa,O,Brown
1034,Alyssa,O,Murphy
1035,Alyssa,P,Martinez
1036,Alyssa,R,Sanders
1037,Alyssa,S,Barnes
1038,Alyssa,S,Gonzales
1039,Alyssa,S,Rivera
1040,Alyssa,S,Wood
1041,Alyssa,W,Perry
1042,Amanda,NULL,Allen
1043,Amanda,NULL,Baker
1044,Amanda,NULL,Bradley
1045,Amanda,NULL,Butler
1046,Amanda,NULL,Campbell
1047,Amanda,NULL,Coleman
1048,Amanda,NULL,Collins
1049,Amanda,NULL,Cox
1050,Amanda,NULL,Edwards
1051,Amanda,NULL,Evans
1052,Amanda,NULL,Flores
1053,Amanda,NULL,Foster
1054,Amanda,NULL,Green
1055,Amanda,NULL,Hall
1056,Amanda,NULL,Hernandez
1057,Amanda,NULL,Hill
1058,Amanda,NULL,Howard
1059,Amanda,NULL,Hughes
1060,Amanda,NULL,Jenkins
1061,Amanda,NULL,Morris
1062,Amanda,NULL,Nelson
1063,Amanda,NULL,Parker
1064,Amanda,NULL,Perez
1065,Amanda,NULL,Perry
1066,Amanda,NULL,Peterson
1067,Amanda,NULL,Powell
1068,Amanda,NULL,Richardson
1069,Amanda,NULL,Rivera
1070,Amanda,NULL,Roberts
1071,Amanda,NULL,Russell
1072,Amanda,NULL,Sanders
1073,Amanda,NULL,Scott
1074,Amanda,NULL,Ward
1075,Amanda,NULL,Washington
1076,Amanda,NULL,Wright
1077,Amanda,NULL,Young
1078,Amanda,A,Bryant
1079,Amanda,A,Gonzalez
1080,Amanda,A,Griffin
1081,Amanda,A,Henderson
1082,Amanda,A,Long
1083,Amanda,A,Mitchell
1084,Amanda,A,Rogers
1085,Amanda,A,Watson
1086,Amanda,C,Gonzales
1087,Amanda,E,Gray
1088,Amanda,E,Ramirez
1089,Amanda,E,Ross
1090,Amanda,F,Brooks
1091,Amanda,G,Phillips
1092,Amanda,J,King
1093,Amanda,J,Lopez
1094,Amanda,L,Alexander
1095,Amanda,L,Morgan
1096,Amanda,L,Turner
1097,Amanda,M,Bailey
1098,Amanda,M,Bennett
1099,Amanda,M,Carter
1100,Amanda,M,Simmons
1101,Amanda,M,Stewart
1102,Amanda,N,Barnes
1103,Amanda,P,Adams
1104,Amanda,P,Cooper
1105,Amanda,R,James
1106,Amanda,S,Cook
1107,Amanda,S,Diaz
1108,Amanda,S,Price
1109,Amanda,S,Wood
1110,Amanda,T,Torres
1111,Amber,NULL,Adams
1112,Amber,NULL,Baker
1113,Amber,NULL,Campbell
1114,Amber,NULL,Evans
1115,Amber,NULL,Green
1116,Amber,NULL,Hall
1117,Amber,NULL,Hernandez
1118,Amber,NULL,Lopez
1119,Amber,NULL,Parker
1120,Amber,NULL,Phillips
1121,Amber,NULL,Turner
1122,Amber,A,Allen
1123,Amber,A,Nelson
1124,Amber,B,Edwards
1125,Amber,B,Scott
1126,Amber,D,Perez
1127,Amber,E,Carter
1128,Amber,E,Mitchell
1129,Amber,L,Gonzalez
1130,Amber,L,Wright
1131,Amber,L,Young
1132,Amber,M,Collins
1133,Amber,S,King
1134,Amber,W,Hill
1135,Amber,W,Roberts
1136,Amir,T,Netz
1137,Amy,NULL,Alberts
1138,Amy,NULL,Cai
1139,Amy,NULL,Gao
1140,Amy,NULL,He
1141,Amy,NULL,Hu
1142,Amy,NULL,Liang
1143,Amy,NULL,Lin
1144,Amy,NULL,Recker
1145,Amy,NULL,Rusko
1146,Amy,NULL,Wu
1147,Amy,NULL,Yang
1148,Amy,NULL,Ye
1149,Amy,NULL,Zeng
1150,Amy,NULL,Zhang
1151,Amy,A,Guo
1152,Amy,A,Lu
1153,Amy,C,Huang
1154,Amy,C,Sun
1155,Amy,C,Zhao
1156,Amy,E,Alberts
1157,Amy,E,Chow
1158,Amy,E,Ma
1159,Amy,J,Li
1160,Amy,R,Consentino
1161,Amy,R,Zheng
1162,Amy,W,Zhu
1163,Ana,NULL,Barnes
1164,Ana,NULL,Bradley
1165,Ana,NULL,Bryant
1166,Ana,NULL,Butler
1167,Ana,NULL,Flores
1168,Ana,NULL,Griffin
1169,Ana,NULL,Hayes
1170,Ana,NULL,Henderson
1171,Ana,NULL,Long
1172,Ana,NULL,Perry
1173,Ana,NULL,Powell
1174,Ana,NULL,Simmons
1175,Ana,NULL,Washington
1176,Ana,A,Wood
1177,Ana,D,Diaz
1178,Ana,E,Price
1179,Ana,L,Coleman
1180,Ana,L,Patterson
1181,Ana,R,Alexander
1182,Ana,R,Russell
1183,Ana,S,Foster
1184,Ana,T,Ross
1185,Anav,NULL,Silverman
1186,Anders,B,Skjønaa
1187,Andre,NULL,Kapoor
1188,Andre,NULL,Lopez
1189,Andre,NULL,Martinez
1190,Andre,NULL,Perez
1191,Andre,NULL,Prasad
1192,Andre,NULL,Rana
1193,Andre,NULL,Sai
1194,Andre,NULL,Sanchez
1195,Andre,NULL,Smith
1196,Andre,NULL,Subram
1197,Andre,C,Madan
1198,Andre,D,Raman
1199,Andre,D,Suri
1200,Andre,E,Arun
1201,Andre,F,Mehta
1202,Andre,H,Garcia
1203,Andre,L,Chandra
1204,Andre,L,Gonzalez
1205,Andre,M,Sara
1206,Andre,R,Patel
1207,Andre,S,Kovár
1208,Andrea,NULL,Bell
1209,Andrea,NULL,Campbell
1210,Andrea,NULL,Collins
1211,Andrea,NULL,Cook
1212,Andrea,NULL,Cooper
1213,Andrea,NULL,Cox
1214,Andrea,NULL,Edwards
1215,Andrea,NULL,Evans
1216,Andrea,NULL,Green
1217,Andrea,NULL,Hill
1218,Andrea,NULL,Howard
1219,Andrea,NULL,Kelly
1220,Andrea,NULL,Lopez
1221,Andrea,NULL,Morris
1222,Andrea,NULL,Perez
1223,Andrea,NULL,Peterson
1224,Andrea,NULL,Phillips
1225,Andrea,NULL,Ramirez
1226,Andrea,NULL,Richardson
1227,Andrea,NULL,Rusko
1228,Andrea,NULL,Ward
1229,Andrea,NULL,Wright
1230,Andrea,NULL,Young
1231,Andrea,A,Roberts
1232,Andrea,A,Thomsen
1233,Andrea,A,Turner
1234,Andrea,C,Hall
1235,Andrea,D,Hernandez
1236,Andrea,D,James
1237,Andrea,D,Reed
1238,Andrea,G,Watson
1239,Andrea,K,Allen
1240,Andrea,K,Gray
1241,Andrea,K,King
1242,Andrea,L,Baker
1243,Andrea,L,Brooks
1244,Andrea,L,Parker
1245,Andrea,L,Rogers
1246,Andrea,L,Sanchez
1247,Andrea,L,Sanders
1248,Andrea,L,Torres
1249,Andrea,M,Adams
1250,Andrea,M,Gonzalez
1251,Andrea,M,Morgan
1252,Andrea,M,Stewart
1253,Andrea,R,Murphy
1254,Andreas,NULL,Berglund
1255,Andreas,T,Berglund
1256,Andres,NULL,Andersen
1257,Andres,NULL,Deng
1258,Andres,NULL,Nath
1259,Andres,NULL,Raje
1260,Andres,NULL,Shen
1261,Andres,NULL,Xie
1262,Andres,A,Nara
1263,Andres,B,Goel
1264,Andres,B,Jai
1265,Andres,C,Sharma
1266,Andres,E,Chander
1267,Andres,E,Raji
1268,Andres,G,Chavez
1269,Andres,L,Kumar
1270,Andres,L,Lal
1271,Andres,L,Luo
1272,Andres,S,Pal
1273,Andres,T,Shan
1274,Andrés,NULL,Anand
1275,Andrew,NULL,Anderson
1276,Andrew,NULL,Brown
1277,Andrew,NULL,Cencini
1278,Andrew,NULL,Dixon
1279,Andrew,NULL,Hill
1280,Andrew,NULL,Jackson
1281,Andrew,NULL,Lewis
1282,Andrew,NULL,Smith
1283,Andrew,A,Moore
1284,Andrew,B,Taylor
1285,Andrew,C,Davis
1286,Andrew,C,Jones
1287,Andrew,C,Martinez
1288,Andrew,C,Miller
1289,Andrew,C,Thomas
1290,Andrew,F,Johnson
1291,Andrew,G,Lee
1292,Andrew,J,Garcia
1293,Andrew,J,Robinson
1294,Andrew,L,Clark
1295,Andrew,L,Lan
1296,Andrew,M,Cencini
1297,Andrew,M,Walker
1298,Andrew,N,Rodriguez
1299,Andrew,P,Kobylinski
1300,Andrew,R,Hill
1301,Andrew,R,Wilson
1302,Andrew,T,Wedge
1303,Andrew,W,Williams
1304,Andy,NULL,Alonso
1305,Andy,NULL,Alvarez
1306,Andy,NULL,Blanco
1307,Andy,NULL,Carlson
1308,Andy,NULL,Carothers
1309,Andy,NULL,Diaz
1310,Andy,NULL,Gill
1311,Andy,NULL,Gomez
1312,Andy,NULL,Gutierrez
1313,Andy,NULL,Hernandez
1314,Andy,NULL,Jiménez
1315,Andy,NULL,Ruth
1316,Andy,NULL,Serrano
1317,Andy,NULL,Suarez
1318,Andy,NULL,Teal
1319,Andy,NULL,Vazquez
1320,Andy,A,Ortega
1321,Andy,C,Munoz
1322,Andy,F,Martin
1323,Andy,H,Navarro
1324,Andy,K,Romero
1325,Andy,L,Dominguez
1326,Andy,M,Rubio
1327,Andy,M,Ruth
1328,Andy,R,Torres
1329,Angel,NULL,Adams
1330,Angel,NULL,Baker
1331,Angel,NULL,Carter
1332,Angel,NULL,Cooper
1333,Angel,NULL,Evans
1334,Angel,NULL,Lopez
1335,Angel,NULL,Nelson
1336,Angel,NULL,Parker
1337,Angel,NULL,Peterson
1338,Angel,NULL,Phillips
1339,Angel,NULL,Ramirez
1340,Angel,NULL,Richardson
1341,Angel,NULL,Rivera
1342,Angel,NULL,Rogers
1343,Angel,NULL,Sanders
1344,Angel,NULL,Torres
1345,Angel,NULL,Wright
1346,Angel,A,Howard
1347,Angel,A,James
1348,Angel,A,Ward
1349,Angel,B,Young
1350,Angel,C,Morris
1351,Angel,D,Brooks
1352,Angel,D,Campbell
1353,Angel,D,Gonzalez
1354,Angel,E,Hill
1355,Angel,E,Kelly
1356,Angel,E,Scott
1357,Angel,G,Allen
1358,Angel,G,Morgan
1359,Angel,H,Hall
1360,Angel,H,Roberts
1361,Angel,J,Edwards
1362,Angel,J,Stewart
1363,Angel,L,Turner
1364,Angel,M,Cook
1365,Angel,M,Cox
1366,Angel,M,Gray
1367,Angel,M,King
1368,Angel,M,Murphy
1369,Angel,N,Mitchell
1370,Angel,S,Perez
1371,Angel,T,Bailey
1372,Angel,W,Reed
1373,Angela,NULL,Alexander
1374,Angela,NULL,Bailey
1375,Angela,NULL,Barbariol
1376,Angela,NULL,Brooks
1377,Angela,NULL,Cook
1378,Angela,NULL,Cooper
1379,Angela,NULL,Cox
1380,Angela,NULL,Foster
1381,Angela,NULL,Griffin
1382,Angela,NULL,Hayes
1383,Angela,NULL,Hughes
1384,Angela,NULL,Jenkins
1385,Angela,NULL,Long
1386,Angela,NULL,Morgan
1387,Angela,NULL,Murphy
1388,Angela,NULL,Patterson
1389,Angela,NULL,Perry
1390,Angela,NULL,Peterson
1391,Angela,NULL,Ramirez
1392,Angela,NULL,Rogers
1393,Angela,NULL,Russell
1394,Angela,NULL,Sanders
1395,Angela,NULL,Stewart
1396,Angela,A,Morris
1397,Angela,B,Flores
1398,Angela,C,Sánchez
1399,Angela,D,Price
1400,Angela,D,Ross
1401,Angela,D,Washington
1402,Angela,E,Bell
1403,Angela,E,Bennett
1404,Angela,G,Torres
1405,Angela,J,Howard
1406,Angela,J,Kelly
1407,Angela,J,Rivera
1408,Angela,K,Diaz
1409,Angela,K,Reed
1410,Angela,L,Butler
1411,Angela,M,Barnes
1412,Angela,M,Coleman
1413,Angela,M,Ward
1414,Angela,M,Watson
1415,Angela,M,Wood
1416,Angela,R,James
1417,Angela,R,Powell
1418,Angela,S,Gonzales
1419,Angela,T,Gray
1420,Angela,T,Henderson
1421,Angela,W,Barbariol
1422,Angela,W,Simmons
1423,Angelica,NULL,Alexander
1424,Angelica,NULL,Barnes
1425,Angelica,NULL,Bryant
1426,Angelica,NULL,Butler
1427,Angelica,NULL,Coleman
1428,Angelica,NULL,Diaz
1429,Angelica,NULL,Foster
1430,Angelica,NULL,Griffin
1431,Angelica,NULL,Hayes
1432,Angelica,NULL,Patterson
1433,Angelica,NULL,Perry
1434,Angelica,NULL,Russell
1435,Angelica,NULL,Washington
1436,Angelica,A,Ross
1437,Angelica,C,Long
1438,Angelica,E,Powell
1439,Angelica,G,Hughes
1440,Angelica,J,Jenkins
1441,Angelica,K,Gonzales
1442,Angelica,L,Bennett
1443,Angelica,M,Flores
1444,Angelica,M,Henderson
1445,Angelica,M,Wood
1446,Anibal,NULL,Sousa
1447,Anibal,T,Sousa
1448,Anita,R,Lucerne
1449,Ann,NULL,Arun
1450,Ann,NULL,Beebe
1451,Ann,NULL,Chandra
1452,Ann,NULL,Gonzalez
1453,Ann,NULL,Kapoor
1454,Ann,NULL,Madan
1455,Ann,NULL,Martinez
1456,Ann,NULL,Patel
1457,Ann,NULL,Sai
1458,Ann,NULL,Suri
1459,Ann,A,Sara
1460,Ann,A,Van
1461,Ann,B,Malhotra
1462,Ann,B,Wilson
1463,Ann,C,Rana
1464,Ann,D,Prasad
1465,Ann,D,Sanchez
1466,Ann,E,Raman
1467,Ann,M,Fernandez
1468,Ann,M,Mehta
1469,Ann,M,Subram
1470,Ann,R,Evans
1471,Ann,S,Rodriguez
1472,Ann,T,Hass
1473,Ann,T,Lopez
1474,Anna,NULL,Alexander
1475,Anna,NULL,Bailey
1476,Anna,NULL,Barnes
1477,Anna,NULL,Brown
1478,Anna,NULL,Coleman
1479,Anna,NULL,Cooper
1480,Anna,NULL,Diaz
1481,Anna,NULL,Griffin
1482,Anna,NULL,Henderson
1483,Anna,NULL,Hughes
1484,Anna,NULL,Jackson
1485,Anna,NULL,James
1486,Anna,NULL,Johnson
1487,Anna,NULL,Lee
1488,Anna,NULL,Lewis
1489,Anna,NULL,Long
1490,Anna,NULL,Patterson
1491,Anna,NULL,Perry
1492,Anna,NULL,Price
1493,Anna,NULL,Ramirez
1494,Anna,NULL,Rivera
1495,Anna,NULL,Robinson
1496,Anna,NULL,Rogers
1497,Anna,NULL,Sanchez
1498,Anna,NULL,Stewart
1499,Anna,NULL,Thompson
1500,Anna,NULL,Ward
1501,Anna,NULL,Washington
1502,Anna,NULL,Watson
1503,Anna,NULL,White
1504,Anna,A,Albright
1505,Anna,A,Clark
1506,Anna,A,Foster
1507,Anna,A,Howard
1508,Anna,A,Jones
1509,Anna,A,Moore
1510,Anna,A,Morris
1511,Anna,B,Garcia
1512,Anna,D,Ross
1513,Anna,D,Taylor
1514,Anna,E,Gonzales
1515,Anna,E,Morgan
1516,Anna,E,Sanders
1517,Anna,F,Townsend
1518,Anna,H,Flores
1519,Anna,J,Hall
1520,Anna,J,Martinez
1521,Anna,J,Powell
1522,Anna,J,Wood
1523,Anna,K,Bell
1524,Anna,K,Davis
1525,Anna,K,Simmons
1526,Anna,L,Cox
1527,Anna,L,Harris
1528,Anna,L,Martin
1529,Anna,L,Murphy
1530,Anna,M,Butler
1531,Anna,M,Cook
1532,Anna,M,Jenkins
1533,Anna,O,Russell
1534,Anna,P,Rodriguez
1535,Anna,P,Torres
1536,Anna,R,Anderson
1537,Anna,R,Gray
1538,Anna,R,Richardson
1539,Anna,R,Thomas
1540,Anna,R,Williams
1541,Anna,S,Brooks
1542,Anna,S,Bryant
1543,Anna,S,Miller
1544,Anna,S,Reed
1545,Anne,NULL,Alonso
1546,Anne,NULL,Blanco
1547,Anne,NULL,Dominguez
1548,Anne,NULL,Gill
1549,Anne,NULL,Gomez
1550,Anne,NULL,Gutierrez
1551,Anne,NULL,Jiménez
1552,Anne,NULL,Munoz
1553,Anne,NULL,Navarro
1554,Anne,NULL,Ortega
1555,Anne,NULL,Romero
1556,Anne,NULL,Serrano
1557,Anne,NULL,Vazquez
1558,Anne,A,Alvarez
1559,Anne,A,Moreno
1560,Anne,B,Hernandez
1561,Anne,H,Carlson
1562,Anne,J,Ruiz
1563,Anne,R,Ramos
1564,Anne,R,Sims
1565,Anne,T,Rubio
1566,Anne,V,Martin
1567,Anne,W,Torres
1568,Annette,NULL,Hill
1569,Annette,L,Hill
1570,Annik,NULL,Stahl
1571,Annik,O,Stahl
1572,Anthony,NULL,Chor
1573,Anthony,NULL,Clark
1574,Anthony,NULL,Harris
1575,Anthony,NULL,Lewis
1576,Anthony,NULL,Martinez
1577,Anthony,NULL,Thompson
1578,Anthony,NULL,White
1579,Anthony,NULL,Wilson
1580,Anthony,A,Anderson
1581,Anthony,A,Miller
1582,Anthony,D,Johnson
1583,Anthony,E,Robinson
1584,Anthony,F,Taylor
1585,Anthony,G,Rodriguez
1586,Anthony,J,Brown
1587,Anthony,J,Garcia
1588,Anthony,L,Jones
1589,Anthony,M,Lee
1590,Anthony,M,Moore
1591,Anthony,S,Davis
1592,Anthony,T,Walker
1593,Anthony,V,Williams
1594,Anton,NULL,Kirilov
1595,Antonio,NULL,Alexander
1596,Antonio,NULL,Barnes
1597,Antonio,NULL,Butler
1598,Antonio,NULL,Diaz
1599,Antonio,NULL,Foster
1600,Antonio,NULL,Gonzales
1601,Antonio,NULL,Hayes
1602,Antonio,NULL,Henderson
1603,Antonio,NULL,Ross
1604,Antonio,NULL,Simmons
1605,Antonio,NULL,Wood
1606,Antonio,C,Bennett
1607,Antonio,D,Flores
1608,Antonio,E,Long
1609,Antonio,E,Powell
1610,Antonio,E,Price
1611,Antonio,G,Patterson
1612,Antonio,J,Griffin
1613,Antonio,K,Washington
1614,Antonio,L,Perry
1615,Antonio,L,Russell
1616,Antonio,M,Jenkins
1617,Antonio,P,Hughes
1618,Antonio,R,Bryant
1619,April,NULL,Anand
1620,April,NULL,Beck
1621,April,NULL,Deng
1622,April,NULL,Jai
1623,April,NULL,Luo
1624,April,NULL,She
1625,April,NULL,Xie
1626,April,A,Tang
1627,April,C,Andersen
1628,April,C,Goel
1629,April,C,Pal
1630,April,E,Nara
1631,April,G,Kumar
1632,April,J,Sharma
1633,April,J,Shen
1634,April,L,Raji
1635,April,L,Shan
1636,April,R,Nath
1637,April,R,Raje
1638,Ariana,NULL,Bell
1639,Ariana,NULL,Cook
1640,Ariana,NULL,Cooper
1641,Ariana,NULL,James
1642,Ariana,NULL,Morgan
1643,Ariana,NULL,Peterson
1644,Ariana,NULL,Rivera
1645,Ariana,NULL,Stewart
1646,Ariana,NULL,Watson
1647,Ariana,A,Howard
1648,Ariana,B,Cox
1649,Ariana,B,Richardson
1650,Ariana,C,Sanchez
1651,Ariana,D,Gray
1652,Ariana,E,Murphy
1653,Ariana,F,Rogers
1654,Ariana,J,Bailey
1655,Ariana,K,Sanders
1656,Ariana,M,Ready
1657,Ariana,R,Brooks
1658,Ariana,R,Kelly
1659,Ariana,V,Ramirez
1660,Ariana,V,Ward
1661,Arianna,NULL,Alexander
1662,Arianna,NULL,Brooks
1663,Arianna,NULL,Bryant
1664,Arianna,NULL,Coleman
1665,Arianna,NULL,Cook
1666,Arianna,NULL,Cooper
1667,Arianna,NULL,Flores
1668,Arianna,NULL,Gray
1669,Arianna,NULL,Hayes
1670,Arianna,NULL,Henderson
1671,Arianna,NULL,Kelly
1672,Arianna,NULL,Morgan
1673,Arianna,NULL,Powell
1674,Arianna,NULL,Russell
1675,Arianna,NULL,Sanchez
1676,Arianna,NULL,Stewart
1677,Arianna,NULL,Ward
1678,Arianna,NULL,Wood
1679,Arianna,A,Barnes
1680,Arianna,A,Hughes
1681,Arianna,A,James
1682,Arianna,A,Torres
1683,Arianna,A,Watson
1684,Arianna,C,Butler
1685,Arianna,C,Diaz
1686,Arianna,C,Ramirez
1687,Arianna,C,Richardson
1688,Arianna,C,Washington
1689,Arianna,D,Cox
1690,Arianna,E,Jenkins
1691,Arianna,E,Ross
1692,Arianna,E,Sanders
1693,Arianna,G,Bailey
1694,Arianna,H,Reed
1695,Arianna,H,Simmons
1696,Arianna,J,Peterson
1697,Arianna,K,Bennett
1698,Arianna,L,Foster
1699,Arianna,M,Bell
1700,Arianna,N,Murphy
1701,Arianna,R,Rivera
1702,Arianna,S,Gonzales
1703,Arianna,W,Howard
1704,Arianna,W,Morris
1705,Arianna,W,Price
1706,Arif,A,Rizaldy
1707,Arlene,NULL,Huff
1708,Armando,NULL,Carlson
1709,Armando,NULL,Gutierrez
1710,Armando,NULL,Hernandez
1711,Armando,NULL,Martin
1712,Armando,NULL,Moreno
1713,Armando,NULL,Navarro
1714,Armando,NULL,Schmidt
1715,Armando,NULL,Suarez
1716,Armando,NULL,Torres
1717,Armando,NULL,Vazquez
1718,Armando,A,Romero
1719,Armando,E,Muñoz
1720,Armando,F,Blanco
1721,Armando,F,Ramos
1722,Armando,J,Gill
1723,Armando,K,Ortega
1724,Armando,L,Dominguez
1725,Armando,M,Alonso
1726,Armando,M,Alvarez
1727,Armando,P,Diaz
1728,Armando,S,Gomez
1729,Armando,T,Rubio
1730,Armando,W,Ruiz
1731,Arno,NULL,Harteveld
1732,Arthur,NULL,Alvarez
1733,Arthur,NULL,Blanco
1734,Arthur,NULL,Diaz
1735,Arthur,NULL,Dominguez
1736,Arthur,NULL,Gill
1737,Arthur,NULL,Gomez
1738,Arthur,NULL,Kapoor
1739,Arthur,NULL,Moreno
1740,Arthur,NULL,Navarro
1741,Arthur,NULL,Perry
1742,Arthur,NULL,Prasad
1743,Arthur,NULL,Raman
1744,Arthur,NULL,Rodriguez
1745,Arthur,NULL,Romero
1746,Arthur,NULL,Ruiz
1747,Arthur,NULL,Sanchez
1748,Arthur,NULL,Sanz
1749,Arthur,NULL,Smith
1750,Arthur,NULL,Suri
1751,Arthur,NULL,Torres
1752,Arthur,NULL,Vazquez
1753,Arthur,NULL,Washington
1754,Arthur,NULL,Wilson
1755,Arthur,NULL,Yasinski
1756,Arthur,A,Gutierrez
1757,Arthur,A,Mehta
1758,Arthur,A,Van
1759,Arthur,B,Patel
1760,Arthur,D,Madan
1761,Arthur,D,Rana
1762,Arthur,D,Sara
1763,Arthur,E,Malhotra
1764,Arthur,E,Sai
1765,Arthur,E,Subram
1766,Arthur,G,Gonzalez
1767,Arthur,J,Fernandez
1768,Arthur,K,Jiménez
1769,Arthur,L,Chandra
1770,Arthur,L,Martin
1771,Arthur,L,Munoz
1772,Arthur,L,Perez
1773,Arthur,M,Alonso
1774,Arthur,P,Carlson
1775,Arthur,S,Rubio
1776,Arthur,T,Garcia
1777,Arthur,W,Hernandez
1778,Arturo,NULL,Anand
1779,Arturo,NULL,Andersen
1780,Arturo,NULL,Carson
1781,Arturo,NULL,Gao
1782,Arturo,NULL,He
1783,Arturo,NULL,Huang
1784,Arturo,NULL,Lal
1785,Arturo,NULL,Li
1786,Arturo,NULL,Lin
1787,Arturo,NULL,Liu
1788,Arturo,NULL,Luo
1789,Arturo,NULL,Nara
1790,Arturo,NULL,Raji
1791,Arturo,NULL,Shan
1792,Arturo,NULL,Sharma
1793,Arturo,NULL,Shen
1794,Arturo,NULL,Xu
1795,Arturo,NULL,Yang
1796,Arturo,NULL,Ye
1797,Arturo,NULL,Yuan
1798,Arturo,NULL,Zhao
1799,Arturo,A,Deng
1800,Arturo,A,Wang
1801,Arturo,A,Wu
1802,Arturo,C,Ma
1803,Arturo,C,Raje
1804,Arturo,C,Sun
1805,Arturo,C,Zheng
1806,Arturo,E,Lu
1807,Arturo,F,Zhou
1808,Arturo,H,Chande
1809,Arturo,J,Goel
1810,Arturo,J,Xie
1811,Arturo,K,Guo
1812,Arturo,M,Cai
1813,Arturo,M,Zhu
1814,Arturo,P,Pal
1815,Arturo,R,Hu
1816,Arturo,R,Xu
1817,Arturo,S,Tang
1818,Arturo,S,Zeng
1819,Arturo,T,Jai
1820,Arturo,T,Rai
1821,Arturo,V,Chen
1822,Arturo,V,Zhang
1823,Arturo,W,Kumar
1824,Arturo,W,Liang
1825,Arvid,B,Ziegler
1826,Arvind,B,Rao
1827,Ashlee,NULL,Anand
1828,Ashlee,NULL,Deng
1829,Ashlee,NULL,Goel
1830,Ashlee,NULL,Jai
1831,Ashlee,NULL,Luo
1832,Ashlee,NULL,She
1833,Ashlee,NULL,Xu
1834,Ashlee,A,Lal
1835,Ashlee,A,Nara
1836,Ashlee,C,Shen
1837,Ashlee,D,Shan
1838,Ashlee,D,Tang
1839,Ashlee,E,Raje
1840,Ashlee,J,Andersen
1841,Ashlee,L,Beck
1842,Ashlee,L,Raji
1843,Ashlee,M,Kumar
1844,Ashlee,N,Chande
1845,Ashlee,P,Sharma
1846,Ashlee,R,Moyer
1847,Ashlee,S,Xie
1848,Ashley,NULL,Anderson
1849,Ashley,NULL,Bennett
1850,Ashley,NULL,Coleman
1851,Ashley,NULL,Davis
1852,Ashley,NULL,Garcia
1853,Ashley,NULL,Griffin
1854,Ashley,NULL,Henderson
1855,Ashley,NULL,Jackson
1856,Ashley,NULL,Jenkins
1857,Ashley,NULL,Long
1858,Ashley,NULL,Martin
1859,Ashley,NULL,Martinez
1860,Ashley,NULL,Powell
1861,Ashley,NULL,Ross
1862,Ashley,NULL,Russell
1863,Ashley,NULL,Thompson
1864,Ashley,NULL,Washington
1865,Ashley,NULL,Wood
1866,Ashley,A,Butler
1867,Ashley,A,Hall
1868,Ashley,C,Diaz
1869,Ashley,C,Foster
1870,Ashley,C,Gonzales
1871,Ashley,C,Smith
1872,Ashley,D,Brown
1873,Ashley,D,Lee
1874,Ashley,D,Walker
1875,Ashley,D,White
1876,Ashley,E,Rodriguez
1877,Ashley,E,Taylor
1878,Ashley,F,Moore
1879,Ashley,G,Williams
1880,Ashley,H,Clark
1881,Ashley,H,Price
1882,Ashley,H,Robinson
1883,Ashley,J,Alexander
1884,Ashley,J,Barnes
1885,Ashley,J,Bryant
1886,Ashley,J,Flores
1887,Ashley,J,Thomas
1888,Ashley,L,Lewis
1889,Ashley,M,Harris
1890,Ashley,M,Hughes
1891,Ashley,P,Hayes
1892,Ashley,R,Jones
1893,Ashley,R,Patterson
1894,Ashley,R,Perry
1895,Ashley,R,Simmons
1896,Ashley,S,Johnson
1897,Ashley,S,Wilson
1898,Ashley,V,Miller
1899,Ashvini,R,Sharma
1900,Audrey,NULL,Blanco
1901,Audrey,NULL,Gomez
1902,Audrey,NULL,Gutierrez
1903,Audrey,NULL,Hernandez
1904,Audrey,NULL,Martin
1905,Audrey,NULL,Moreno
1906,Audrey,NULL,Ramos
1907,Audrey,NULL,Ruiz
1908,Audrey,NULL,Sanz
1909,Audrey,NULL,Serrano
1910,Audrey,NULL,Suarez
1911,Audrey,NULL,Torres
1912,Audrey,NULL,Vazquez
1913,Audrey,A,Carlson
1914,Audrey,D,Ortega
1915,Audrey,E,Dominguez
1916,Audrey,E,Wold
1917,Audrey,H,Diaz
1918,Audrey,H,Gill
1919,Audrey,J,Alonso
1920,Audrey,L,Alvarez
1921,Audrey,L,Rubio
1922,Audrey,S,Navarro
1923,Audrey,S,Romero
1924,Audrey,V,Munoz
1925,Austin,NULL,Alexander
1926,Austin,NULL,Harris
1927,Austin,NULL,Hayes
1928,Austin,NULL,Henderson
1929,Austin,NULL,Johnson
1930,Austin,NULL,Jones
1931,Austin,NULL,Kumar
1932,Austin,NULL,Lee
1933,Austin,NULL,Martinez
1934,Austin,NULL,Russell
1935,Austin,NULL,Shan
1936,Austin,NULL,Sharma
1937,Austin,NULL,Smith
1938,Austin,NULL,Thompson
1939,Austin,NULL,Washington
1940,Austin,NULL,Williams
1941,Austin,NULL,Zhang
1942,Austin,A,Wang
1943,Austin,B,Li
1944,Austin,C,Foster
1945,Austin,C,Lewis
1946,Austin,C,Perry
1947,Austin,D,Garcia
1948,Austin,D,Gonzales
1949,Austin,D,Jenkins
1950,Austin,E,Anderson
1951,Austin,E,Davis
1952,Austin,F,Walker
1953,Austin,H,Long
1954,Austin,H,Yang
1955,Austin,J,Flores
1956,Austin,J,Rodriguez
1957,Austin,K,Griffin
1958,Austin,L,Bryant
1959,Austin,L,Robinson
1960,Austin,L,Simmons
1961,Austin,L,Taylor
1962,Austin,L,White
1963,Austin,M,Diaz
1964,Austin,M,Jai
1965,Austin,M,Lal
1966,Austin,N,Moore
1967,Austin,O,Patterson
1968,Austin,P,Hughes
1969,Austin,R,Powell
1970,Austin,T,Brown
1971,Austin,T,Martin
1972,Austin,V,Chen
1973,Austin,V,Coleman
1974,Austin,W,Butler
1975,Autumn,NULL,He
1976,Autumn,NULL,Huang
1977,Autumn,NULL,Liang
1978,Autumn,NULL,Lu
1979,Autumn,NULL,Ma
1980,Autumn,NULL,Wang
1981,Autumn,NULL,Wu
1982,Autumn,NULL,Zeng
1983,Autumn,NULL,Zhu
1984,Autumn,A,Guo
1985,Autumn,A,Sun
1986,Autumn,A,Zheng
1987,Autumn,D,Zhang
1988,Autumn,E,Lin
1989,Autumn,I,Chen
1990,Autumn,I,Xu
1991,Autumn,J,Liu
1992,Autumn,J,Zhao
1993,Autumn,L,Zhou
1994,Autumn,O,Cai
1995,Autumn,P,Li
1996,Autumn,W,Gao
1997,Bailey,NULL,Adams
1998,Bailey,NULL,Baker
1999,Bailey,NULL,Carter
2000,Bailey,NULL,Collins
